date,HICP,location,total_deaths,stringency_index,total_cases_per_million,new_cases_smoothed_per_million,weekly_hosp_admissions_per_million,continent,Year,Month
2020-01,0.11118636948892288,France,0.0,0.0,0.248,0.007,,Europe,2020,1
2020-02,0.11184695661801411,France,0.0,5.56,0.248,0.007,,Europe,2020,2
2020-03,0.11338832658589373,France,713.0,56.94,0.248,0.0,278.413,Europe,2020,3
2020-04,0.11294793516649938,France,12062.0,87.96,0.248,0.0,222.1845,Europe,2020,4
2020-05,0.11669126223134957,France,17992.0,76.85,77.878,1.497,47.69,Europe,2020,5
2020-06,0.11867302361862325,France,19131.5,72.22,231.70800000000003,7.595,11.679,Europe,2020,6
2020-07,0.1281414391355973,France,19322.0,46.3,280.565,6.068,9.526,Europe,2020,7
2020-08,0.1254990906192324,France,19972.0,48.15,1046.148,55.722,14.864,Europe,2020,8
2020-09,0.11250754374710534,France,20585.0,48.61,3747.666,135.795,41.946,Europe,2020,9
2020-10,0.11184695661801411,France,21573.0,49.54,6006.642,160.281,101.839,Europe,2020,10
2020-11,0.11691145794104675,France,38996.0,78.7,28167.664,254.09,252.3335,Europe,2020,11
2020-12,0.12241635068347342,France,57032.0,63.89,33445.21,171.698,127.911,Europe,2020,12
2021-01,0.12858183055499134,France,76746.0,63.89,43301.968,262.7,143.91,Europe,2021,1
2021-02,0.12946261339377943,France,88382.0,60.19,50869.468,259.846,146.55,Europe,2021,2
2021-03,0.14553690020166546,France,94438.0,68.52,56980.464,406.341,150.709,Europe,2021,3
2021-04,0.1503812058150009,France,106179.0,75.0,76090.668,446.861,198.981,Europe,2021,4
2021-05,0.15830825136409532,France,111795.0,63.89,82494.561,184.477,83.701,Europe,2021,5
2021-06,0.16249196984833955,France,113487.0,53.995000000000005,84566.122,59.692,27.110999999999997,Europe,2021,6
2021-07,0.16403333981621918,France,114439.0,42.84,86258.769,106.23,17.475,Europe,2021,7
2021-08,0.18032782233380207,France,115433.0,44.73,94913.499,295.259,77.95,Europe,2021,8
2021-09,0.1754835167204666,France,116596.0,43.31,98715.26,103.31,43.605000000000004,Europe,2021,9
2021-10,0.18605291078592592,France,118706.0,41.73,103213.623,68.735,21.854,Europe,2021,10
2021-11,0.195961717722294,France,119682.0,41.025,106589.615,264.599,36.704,Europe,2021,11
2021-12,0.2014666104647207,France,121975.0,43.97,121150.286,797.221,125.551,Europe,2021,12
2022-01,0.2052099375295709,France,130121.0,47.86,246892.395,4336.806,239.128,Europe,2022,1
2022-02,0.22678911707988328,France,136038.0,44.370000000000005,324191.822,1685.0484999999999,212.48149999999998,Europe,2022,2
2022-03,0.2657637576962644,France,141820.0,18.83,359987.224,1296.078,109.006,Europe,2022,3
2022-04,0.27721393460051186,France,145432.5,18.82,419277.68850000005,1191.815,156.9905,Europe,2022,4
2022-05,0.29593056992476247,France,148573.0,18.81,439238.076,327.315,76.357,Europe,2022,5
2022-06,0.317289553765378,France,149704.0,18.81,450892.221,658.568,52.91,Europe,2022,6
2022-07,0.32477620789507833,France,151999.0,18.8,501929.081,1009.546,135.977,Europe,2022,7
2022-08,0.336886971928417,France,153643.0,11.11,512649.307,334.197,60.741,Europe,2022,8
2022-09,0.32389542505629026,France,155140.0,11.11,522615.06,510.033,40.14,Europe,2022,9
2022-10,0.35516321583327354,France,156302.0,11.11,543015.213,866.677,104.08,Europe,2022,10
2022-11,0.36595280560843,France,158161.0,11.11,556573.139,492.687,72.6265,Europe,2022,11
2022-12,0.36353065280176233,France,159085.0,11.11,564546.958,649.073,137.938,Europe,2022,12
2023-01,0.3749808297060097,France,163756.0,0.0,592102.831,70.057,51.259,Europe,2023,1
2023-02,0.40426685909571963,France,166079.0,0.0,597984.354,53.308,29.213,Europe,2023,2
2023-03,0.430910539969065,France,165869.0,0.0,597098.001,58.079,34.698,Europe,2023,3
2023-04,0.44830600103513313,France,166709.0,0.0,600404.889,98.3905,,Europe,2023,4
2023-05,0.44632423964785944,France,167357.0,0.0,601891.196,53.671,,Europe,2023,5
2023-06,0.45182913239028616,France,167985.0,0.0,603427.621,17.644,,Europe,2023,6
2023-07,0.4531503066484686,France,167985.0,0.0,603427.621,17.644,,Europe,2023,7
2023-08,0.48243633603817854,France,167985.0,0.0,603427.621,,,Europe,2023,8
2023-09,0.46702263635938407,France,167985.0,0.0,603427.621,,,Europe,2023,9
2023-10,0.47164674626302233,France,167985.0,0.0,603427.621,,,Europe,2023,10
2020-01,-0.5947461500457366,Belgium,0.0,0.0,0.086,0.0,,Europe,2020,1
2020-02,-0.706698366524934,Belgium,0.0,11.11,0.086,0.0,,Europe,2020,2
2020-03,-0.8746266912437303,Belgium,149.0,50.93,383.753,38.129,119.6815,Europe,2020,3
2020-04,-0.9865789077229277,Belgium,5866.0,81.48,3536.828,92.632,197.668,Europe,2020,4
2020-05,-1.0425550159625265,Belgium,9212.0,75.0,4943.581,26.976,39.465,Europe,2020,5
2020-06,-0.9306027994833289,Belgium,9635.0,51.85,5211.556500000001,15.1,12.311,Europe,2020,6
2020-07,-0.5107819876863384,Belgium,9697.0,51.85,5292.76,10.234,8.065,Europe,2020,7
2020-08,-1.238471394801122,Belgium,9903.0,60.19,6737.09,42.039,18.188,Europe,2020,8
2020-09,-0.8466386371239308,Belgium,10030.0,52.78,8089.535,70.069,21.8775,Europe,2020,9
2020-10,-0.8746266912437303,Belgium,10083.0,47.22,9875.494,136.595,130.32,Europe,2020,10
2020-11,-0.9306027994833289,Belgium,14537.0,63.89,46123.417,291.464,279.0855,Europe,2020,11
2020-12,-0.8746266912437303,Belgium,18121.0,60.19,52224.693,196.062,112.389,Europe,2020,12
2021-01,-0.8186505830041315,Belgium,20963.0,60.19,59227.485,153.558,79.016,Europe,2021,1
2021-02,-0.9026147453635296,Belgium,22126.0,62.96,64277.621,179.921,75.1125,Europe,2021,2
2021-03,-0.5387700418061377,Belgium,22657.0,62.96,68835.818,335.611,100.807,Europe,2021,3
2021-04,-0.39882977120714097,Belgium,24104.0,75.93,83140.391,306.834,144.733,Europe,2021,4
2021-05,-0.2868775547279435,Belgium,24943.0,50.93,89509.685,186.649,82.962,Europe,2021,5
2021-06,-0.2588895006081441,Belgium,25197.0,50.93,91922.107,69.958,25.395,Europe,2021,6
2021-07,-0.5947461500457366,Belgium,25320.0,50.93,94084.956,127.33,12.783,Europe,2021,7
2021-08,0.32885963590764267,Belgium,25402.0,47.22,98125.477,164.674,32.945,Europe,2021,8
2021-09,0.07696714882944823,Belgium,25478.0,43.06,100516.278,173.474,36.161500000000004,Europe,2021,9
2021-10,0.5247760147462383,Belgium,25793.0,32.07,107714.078,260.726,40.065,Europe,2021,10
2021-11,1.0005729347828274,Belgium,26470.0,31.985,128112.119,862.492,143.275,Europe,2021,11
2021-12,0.8606326641838304,Belgium,27665.0,36.72,166595.816,743.779,141.988,Europe,2021,12
2022-01,1.3924056924600186,Belgium,28814.0,33.84,239519.17,2321.468,120.111,Europe,2022,1
2022-02,1.6722862336580122,Belgium,29636.0,29.915,295227.156,885.3255,156.57299999999998,Europe,2022,2
2022-03,1.6163101254184136,Belgium,30513.0,16.67,319632.259,876.44,96.432,Europe,2022,3
2022-04,1.6163101254184136,Belgium,31243.0,13.89,344618.097,515.373,129.719,Europe,2022,4
2022-05,1.7842384501372097,Belgium,31652.0,13.89,355668.015,136.301,61.771,Europe,2022,5
2022-06,1.9521667748560059,Belgium,31825.0,11.11,360244.573,238.64,39.507999999999996,Europe,2022,6
2022-07,1.9241787207362067,Belgium,32125.0,11.11,377472.295,332.4,93.515,Europe,2022,7
2022-08,1.9521667748560059,Belgium,32364.0,11.11,382932.094,185.657,54.05,Europe,2022,8
2022-09,2.3999756407727957,Belgium,32600.0,11.11,387889.316,193.206,35.260999999999996,Europe,2022,9
2022-10,2.679856181970789,Belgium,32766.0,11.11,394541.385,238.223,63.83,Europe,2022,10
2022-11,1.9521667748560059,Belgium,32954.0,11.11,397197.202,91.7745,31.572,Europe,2022,11
2022-12,1.8682026124966076,Belgium,33019.0,11.11,398219.686,120.76,72.924,Europe,2022,12
2023-01,1.0845370971422257,Belgium,33470.0,0.0,402681.023,37.847,33.374,Europe,2023,1
2023-02,0.5247760147462383,Belgium,34057.0,0.0,410150.016,89.47,52.6345,Europe,2023,2
2023-03,0.3848357441472414,Belgium,33988.0,0.0,409539.167,119.277,90.512,Europe,2023,3
2023-04,-0.0629731217695486,Belgium,34174.0,0.0,411173.444,34.844,47.701,Europe,2023,4
2023-05,-0.2309014464883447,Belgium,34267.0,0.0,411651.312,16.681,26.768,Europe,2023,5
2023-06,-0.5387700418061377,Belgium,34338.0,0.0,411949.53,4.069,14.671,Europe,2023,6
2023-07,-0.5107819876863384,Belgium,34339.0,0.0,411998.003,2.758,,Europe,2023,7
2023-08,-0.3148656088477429,Belgium,34339.0,0.0,412157.235,19.88,,Europe,2023,8
2023-09,-0.7906625288843322,Belgium,34339.0,0.0,412402.089,28.778,,Europe,2023,9
2020-01,0.07771662161496871,Finland,0.0,0.0,1.444,0.0,,Europe,2020,1
2020-02,0.08828601568042804,Finland,0.0,13.89,0.361,0.026,,Europe,2020,2
2020-03,0.08454268861557786,Finland,62.0,61.11,284.799,16.811,,Europe,2020,3
2020-04,0.07463388167920976,Finland,254.0,68.52,883.275,18.022,,Europe,2020,4
2020-05,0.07331270742102731,Finland,299.0,59.26,1178.0,4.899,,Europe,2020,5
2020-06,0.07881760016345399,Finland,302.5,35.19,1214.187,1.65,,Europe,2020,6
2020-07,0.08542347145436595,Finland,303.0,35.19,1225.467,1.444,,Europe,2020,7
2020-08,0.08586386287376031,Finland,308.0,32.41,1372.198,5.414,,Europe,2020,8
2020-09,0.08630425429315436,Finland,322.0,32.41,1657.178,17.094,,Europe,2020,9
2020-10,0.08872640709982209,Finland,330.0,36.57,2119.21,35.838,,Europe,2020,10
2020-11,0.08608405858345718,Finland,423.0,40.74,4324.689,75.828,,Europe,2020,11
2020-12,0.09048797277739859,Finland,568.0,52.31,6202.776,48.962,,Europe,2020,12
2021-01,0.10061697542346387,Finland,708.0,52.31,8531.344,66.881,,Europe,2021,1
2021-02,0.10854402097255829,Finland,791.0,52.31,11050.86,96.068,,Europe,2021,2
2021-03,0.1155902836828643,Finland,863.0,52.31,13556.48,100.966,,Europe,2021,3
2021-04,0.12461830778044398,Finland,934.0,52.31,15936.666,38.546,,Europe,2021,4
2021-05,0.1252788949095352,Finland,971.0,52.31,16770.488,20.059,,Europe,2021,5
2021-06,0.12241635068347342,Finland,979.0,47.69,17104.92,19.183,,Europe,2021,6
2021-07,0.12726065629680888,Finland,1000.0,43.98,19212.218,128.09,,Europe,2021,7
2021-08,0.1279212434259001,Finland,1043.0,38.43,22614.107,105.968,,Europe,2021,8
2021-09,0.133646331878024,Finland,1070.0,33.8,23974.574,83.511,,Europe,2021,9
2021-10,0.1530235543313658,Finland,1194.0,24.07,27805.828,105.375,,Europe,2021,10
2021-11,0.1657949054937957,Finland,1439.0,27.31,33137.782,205.052,,Europe,2021,11
2021-12,0.16315255697743078,Finland,1635.0,36.14,42258.938,568.309,,Europe,2021,12
2022-01,0.1961819134319909,Finland,2362.0,30.58,97402.245,1167.429,,Europe,2022,1
2022-02,0.21005424314290636,Finland,2771.0,18.52,121774.057,1160.597,,Europe,2022,2
2022-03,0.2499096665980756,Finland,3797.0,16.67,166955.346,1246.145,,Europe,2022,3
2022-04,0.25959827782474654,Finland,4534.0,19.44,190212.5075,460.278,,Europe,2022,4
2022-05,0.29152665573082137,Finland,4858.0,19.44,200724.812,272.578,,Europe,2022,5
2022-06,0.3109038781841632,Finland,5091.0,19.44,208703.523,306.80499999999995,,Europe,2022,6
2022-07,0.31486740095871024,Finland,5570.0,11.11,222544.261,299.702,,Europe,2022,7
2022-08,0.31222505244234566,Finland,5870.0,11.11,228485.159,204.356,,Europe,2022,8
2022-09,0.3305012963472022,Finland,6347.0,11.11,235577.887,317.028,,Europe,2022,9
2022-10,0.3509794973490293,Finland,7107.0,11.11,245056.576,330.977,,Europe,2022,10
2022-11,0.3807059181581336,Finland,7832.0,11.11,253788.796,308.545,,Europe,2022,11
2022-12,0.37145769835085674,Finland,8136.0,11.11,258021.981,113.6,,Europe,2022,12
2023-01,0.38533002806177186,Finland,8860.0,0.0,263392.017,18.435,,Europe,2023,1
2023-02,0.40228509770844595,Finland,9360.0,0.0,265289.776,17.868,,Europe,2023,2
2023-03,0.4137352746126937,Finland,9286.0,0.0,264979.168,19.26,,Europe,2023,3
2023-04,0.415276644580573,Finland,9658.0,0.0,266278.632,38.739,,Europe,2023,4
2023-05,0.4172584059678467,Finland,9888.0,0.0,266962.114,25.242,,Europe,2023,5
2023-06,0.4132948831932993,Finland,10107.0,0.0,267514.206,6.343,,Europe,2023,6
2023-07,0.42034114590360566,Finland,10145.0,0.0,267606.793,4.486,,Europe,2023,7
2020-01,0.1477388572986363,Poland,0.0,0.0,0.0,0.0,,Europe,2020,1
2020-02,0.16095059988046023,Poland,0.0,5.56,0.0,0.0,,Europe,2020,2
2020-03,0.16535451407440163,Poland,5.0,57.41,13.398,1.545,,Europe,2020,3
2020-04,0.16535451407440163,Poland,345.0,83.33,219.333,8.556,,Europe,2020,4
2020-05,0.18517212794713753,Poland,992.0,83.33,525.151,9.341,,Europe,2020,5
2020-06,0.19838387052896175,Poland,1290.5,56.485,760.679,9.462,,Europe,2020,6
2020-07,0.1961819134319909,Poland,1434.0,39.81,845.871,7.975,,Europe,2020,7
2020-08,0.19397995633502033,Poland,1869.0,39.81,1407.276,18.129,,Europe,2020,8
2020-09,0.19838387052896175,Poland,2181.0,36.11,1847.849,17.28,,Europe,2020,9
2020-10,0.2049897418198737,Poland,2423.0,37.04,2157.204,27.419,,Europe,2020,10
2020-11,0.2049897418198737,Poland,10045.0,75.0,18142.745,372.502,,Europe,2020,11
2020-12,0.21159561311078567,Poland,22896.0,75.0,28547.153,240.186,,Europe,2020,12
2021-01,0.23361518408049242,Poland,35441.0,75.0,37079.049,142.731,,Europe,2021,1
2021-02,0.24682692666231665,Poland,42241.0,71.3,41170.286,158.993,,Europe,2021,2
2021-03,0.2688464976320234,Poland,47202.0,72.22,47885.995,463.781,,Europe,2021,3
2021-04,0.2864621544077887,Poland,65419.0,75.93,69242.417,406.509,,Europe,2021,4
2021-05,0.29526998279567124,Poland,72950.0,61.72,71931.521,41.373,,Europe,2021,5
2021-06,0.2974719398926421,Poland,74595.0,52.989999999999995,72226.826,7.925,,Europe,2021,6
2021-07,0.30848172537749546,Poland,75233.0,43.33,72326.708,3.143,,Europe,2021,7
2021-08,0.3150875966684074,Poland,75317.0,35.93,72425.184,4.444,,Europe,2021,8
2021-09,0.33270325344417273,Poland,75358.0,35.77,72499.199,15.355,,Europe,2021,9
2021-10,0.3591267386078209,Poland,75883.0,32.93,73356.661,61.616,,Europe,2021,10
2021-11,0.3833482666744982,Poland,78881.0,38.39,80432.532,489.419,,Europe,2021,11
2021-12,0.4053678376442049,Poland,88485.0,48.15,96073.266,468.108,,Europe,2021,12
2022-01,0.4450030653896773,Poland,103848.0,44.44,113384.516,357.892,,Europe,2022,1
2022-02,0.4450030653896773,Poland,108121.0,43.83,135502.885,546.262,,Europe,2022,2
2022-03,0.5220715637836509,Poland,114219.0,22.52,147791.447,259.792,,Europe,2022,3
2022-04,0.5705146199170055,Poland,115892.0,14.81,150230.03149999998,25.269,,Europe,2022,4
2022-05,0.614553761856419,Poland,116268.0,14.81,150664.809,5.832,,Europe,2022,5
2022-06,0.6541889896018913,Poland,116391.0,14.81,150808.221,9.554,,Europe,2022,6
2022-07,0.6651987750867447,Poland,116508.0,14.81,151757.637,36.742,,Europe,2022,7
2022-08,0.6872183460564515,Poland,116771.0,14.81,153521.436,87.233,,Europe,2022,8
2022-09,0.731257487995865,Poland,117349.0,9.26,156670.257,102.839,,Europe,2022,9
2022-10,0.7797005441292195,Poland,117899.0,9.26,158732.322,29.201,,Europe,2022,10
2022-11,0.7995181580019557,Poland,118209.0,9.26,159223.601,14.2345,,Europe,2022,11
2022-12,0.806124029292868,Poland,118305.0,9.26,159349.25,8.871,,Europe,2022,12
2023-01,0.8655768709110759,Poland,118651.0,0.0,159901.949,7.466,,Europe,2023,1
2023-02,0.9008081844626066,Poland,119361.0,0.0,163025.329,33.91,,Europe,2023,2
2023-03,0.9360394980141372,Poland,119245.0,0.0,162790.54,53.659,,Europe,2023,3
2023-04,0.9602610260808152,Poland,119520.0,0.0,163383.006,9.1685,,Europe,2023,4
2023-05,0.9668668973717268,Poland,119585.0,0.0,163474.307,6.814,,Europe,2023,5
2023-06,0.9690688544686974,Poland,119624.0,0.0,163529.203,0.642,,Europe,2023,6
2023-07,0.9602610260808152,Poland,119632.0,0.0,163535.501,0.254,,Europe,2023,7
2020-01,0.21798128869200076,Romania,0.0,0.0,0.203,0.0,,Europe,2020,1
2020-02,0.21710050585321236,Romania,0.0,5.56,0.0,0.0,,Europe,2020,2
2020-03,0.22634872566048922,Romania,0.0,58.33,18.668,1.657,,Europe,2020,3
2020-04,0.2327344012417043,Romania,421.0,87.04,428.195,16.11,,Europe,2020,4
2020-05,0.2329545969514012,Romania,1176.0,75.0,908.325,11.43,,Europe,2020,5
2020-06,0.23317479266109836,Romania,1447.0,56.48,1154.9005000000002,14.904,,Europe,2020,6
2020-07,0.23691811972594853,Romania,1589.0,49.07,1323.65,16.655,,Europe,2020,7
2020-08,0.2364777283065545,Romania,2954.0,49.07,3528.819,59.369,,Europe,2020,8
2020-09,0.22766989991867168,Romania,4127.0,45.37,5208.027,61.926,,Europe,2020,9
2020-10,0.23075263985443065,Romania,4687.0,45.37,6166.811,70.378,,Europe,2020,10
2020-11,0.23141322698352187,Romania,8813.0,73.145,17965.316,386.397,,Europe,2020,11
2020-12,0.24506536098473983,Romania,13264.0,76.85,28073.27,261.919,,Europe,2020,12
2021-01,0.26642434482535565,Romania,17722.0,76.85,36074.279,128.663,,Europe,2021,1
2021-02,0.2767735431811178,Romania,19795.0,73.15,39537.379,123.2895,,Europe,2021,2
2021-03,0.28712274153687994,Romania,21439.0,67.59,43507.516,285.805,,Europe,2021,3
2021-04,0.2974719398926421,Romania,27267.0,67.59,53141.444,175.664,,Europe,2021,4
2021-05,0.31156446531325444,Romania,29885.0,51.85,54693.587,28.354,,Europe,2021,5
2021-06,0.3177299451847723,Romania,31804.0,44.224999999999994,54918.468,6.649,,Europe,2021,6
2021-07,0.3294003177987169,Romania,34252.0,42.72,55016.692,4.324,,Europe,2021,7
2021-08,0.333804231992658,Romania,34342.0,57.3,55286.895,15.907,,Europe,2021,8
2021-09,0.35494302012357665,Romania,34509.0,58.114999999999995,55743.931,63.089,,Europe,2021,9
2021-10,0.3888531594169249,Romania,39209.0,68.89,68478.636,647.423,,Europe,2021,10
2021-11,0.39545903070783717,Romania,52836.0,69.18,88471.393,239.313,,Europe,2021,11
2021-12,0.40889096899935823,Romania,57636.0,60.19,91174.952,38.317,,Europe,2021,12
2022-01,0.4454434568090714,Romania,59525.0,56.48,101887.863,406.991,,Europe,2022,1
2022-02,0.47318811623090196,Romania,61520.0,50.93,129727.503,767.25,,Europe,2022,2
2022-03,0.5253744994291067,Romania,64669.0,11.11,143128.305,182.037,,Europe,2022,3
2022-04,0.5903322337897416,Romania,65376.0,11.11,146728.388,68.198,,Europe,2022,4
2022-05,0.6244625687927874,Romania,65651.0,11.11,147811.134,17.832,,Europe,2022,5
2022-06,0.6464821397624941,Romania,65714.0,11.11,148168.167,19.722,,Europe,2022,6
2022-07,0.6594736866346206,Romania,65853.0,11.11,152735.173,251.295,,Europe,2022,7
2022-08,0.6722450377970507,Romania,66336.0,11.11,160469.895,219.518,,Europe,2022,8
2022-09,0.6991089143800929,Romania,66912.0,11.11,165436.611,67.224,,Europe,2022,9
2022-10,0.7383037507061709,Romania,67119.0,11.11,166823.234,31.588,,Europe,2022,10
2022-11,0.7750764342255809,Romania,67236.0,11.11,167431.904,20.43,,Europe,2022,11
2022-12,0.7785995655807346,Romania,67253.0,11.11,167577.28,15.587,,Europe,2022,12
2023-01,0.8019403108086237,Romania,67460.0,0.0,168683.374,29.844,,Europe,2023,1
2023-02,0.8314465359080302,Romania,67917.0,0.0,171665.835,29.982,,Europe,2023,2
2023-03,0.8574296296522843,Romania,67858.0,0.0,171314.652,42.43,,Europe,2023,3
2023-04,0.881210766299568,Romania,68047.0,0.0,172444.043,28.990000000000002,,Europe,2023,4
2023-05,0.896184074558968,Romania,68143.0,0.0,172945.231,18.981,,Europe,2023,5
2023-06,0.910716991398975,Romania,68233.0,0.0,173327.138,5.305,,Europe,2023,6
2023-07,0.915341101302613,Romania,68246.0,0.0,173398.351,3.757,,Europe,2023,7
2020-01,0.2582771035665641,Hungary,0.0,0.0,0.0,0.0,,Europe,2020,1
2020-02,0.26488297485747603,Hungary,0.0,0.0,0.0,0.0,,Europe,2020,2
2020-03,0.2706080633095999,Hungary,4.0,67.59,13.143,1.433,,Europe,2020,3
2020-04,0.2589376906956553,Hungary,189.0,76.85,192.229,7.252,,Europe,2020,4
2020-05,0.2699474761805087,Hungary,486.0,66.67,375.327,3.526,,Europe,2020,5
2020-06,0.28029667453627083,Hungary,564.5,55.56,409.238,1.806,,Europe,2020,6
2020-07,0.30958270392598075,Hungary,578.0,49.07,415.157,1.233,,Europe,2020,7
2020-08,0.3093625082162835,Hungary,607.0,49.07,489.3,3.669,,Europe,2020,8
2020-09,0.2974719398926421,Hungary,633.0,40.74,1186.379,56.37,,Europe,2020,9
2020-10,0.30209604979628035,Hungary,736.0,40.74,2409.277,86.339,,Europe,2020,10
2020-11,0.29791233131203615,Hungary,3097.0,72.22,14142.34,449.255,,Europe,2020,11
2020-12,0.30583937686113055,Hungary,6965.0,72.22,28131.98,323.759,,Europe,2020,12
2021-01,0.3287397306696257,Hungary,11968.0,72.22,36075.352,111.02,,Europe,2021,1
2021-02,0.3467957788647851,Hungary,14299.0,72.22,40434.505,191.684,,Europe,2021,2
2021-03,0.3663931970278241,Hungary,16952.0,79.63,51818.426,723.408,,Europe,2021,3
2021-04,0.3866512023199543,Hungary,26625.0,70.37,77204.227,434.908,,Europe,2021,4
2021-05,0.4009639234502638,Hungary,29519.0,65.65,80471.911,56.485,,Europe,2021,5
2021-06,0.41263429606420843,Hungary,29905.0,51.185,80943.653,11.208,,Europe,2021,6
2021-07,0.4271672129042148,Hungary,30015.0,27.78,81137.788,6.908,,Europe,2021,7
2021-08,0.43311249706603555,Hungary,30038.0,27.78,81297.41,6.607,,Europe,2021,8
2021-09,0.4364154327114917,Hungary,30057.0,29.91,81436.866,34.785,,Europe,2021,9
2021-10,0.4665822449399897,Hungary,30275.0,29.77,83012.417,81.767,,Europe,2021,10
2021-11,0.4846382931351494,Hungary,31867.0,30.46,94286.68,682.517,,Europe,2021,11
2021-12,0.4914643601357585,Hungary,36429.0,30.86,118680.237,506.986,,Europe,2021,12
2022-01,0.5299986093327453,Hungary,40822.0,28.77,140605.423,631.45,,Europe,2022,1
2022-02,0.5603856172709405,Hungary,42360.0,28.455,170155.44,722.835,,Europe,2022,2
2022-03,0.5881302766927712,Hungary,44961.0,11.11,183007.261,212.695,,Europe,2022,3
2022-04,0.6350319628582464,Hungary,45956.5,11.11,189140.0625,164.438,,Europe,2022,4
2022-05,0.6836952147012985,Hungary,46446.0,11.11,192097.783,44.144,,Europe,2022,5
2022-06,0.7422672734807183,Hungary,46594.0,11.11,192943.047,75.7835,,Europe,2022,6
2022-07,0.8136106834225677,Hungary,46736.0,11.11,195747.917,115.177,,Europe,2022,7
2022-08,0.924809516819587,Hungary,46966.0,11.11,201197.736,232.89,,Europe,2022,8
2022-09,0.9827209884699156,Hungary,47409.0,11.11,207723.473,176.391,,Europe,2022,9
2022-10,1.0507614627663096,Hungary,47680.0,11.11,212749.907,171.231,,Europe,2022,10
2022-11,1.1073517601584557,Hungary,48111.0,11.11,216062.839,97.311,,Europe,2022,11
2022-12,1.1659238189378756,Hungary,48245.0,11.11,216918.537,58.735,,Europe,2022,12
2023-01,1.2467356443966997,Hungary,48604.0,0.0,219751.8,14.175,4.696,Europe,2023,1
2023-02,1.2747004995282274,Hungary,48730.0,0.0,220635.991,10.42,4.077,Europe,2023,2
2023-03,1.3042067246276339,Hungary,48720.0,0.0,220567.267,12.426,5.625,Europe,2023,3
2023-04,1.3295292312427969,Hungary,48764.0,0.0,220795.814,6.407,6.089,Europe,2023,4
2023-05,1.3167578800803672,Hungary,48782.0,0.0,220940.286,8.829,3.406,Europe,2023,5
2023-06,1.329088839823403,Hungary,48797.0,0.0,221035.598,0.674,,Europe,2023,6
2023-07,1.3416399952761358,Hungary,48799.0,0.0,221044.928,0.387,,Europe,2023,7
2020-01,0.10369971535922283,Germany,11.0,0.0,2.039,0.002,,Europe,2020,1
2020-02,0.08168014438951608,Germany,10.0,11.11,0.372,0.01,,Europe,2020,2
2020-03,0.031035131159190328,Germany,586.0,42.13,358.919,12.752,6.345,Europe,2020,3
2020-04,-0.035023581749929894,Germany,7422.0,76.85,1732.773,27.324,47.679500000000004,Europe,2020,4
2020-05,-0.061447066913577736,Germany,9071.0,61.57,2145.572,8.182,9.728,Europe,2020,5
2020-06,-0.032821624652959035,Germany,9235.5,59.72,2265.5675,7.183,3.766,Europe,2020,6
2020-07,-0.048235324331753815,Germany,9277.0,55.09,2328.696,5.216,3.502,Europe,2020,7
2020-08,-0.057043152719636635,Germany,9494.0,56.94,2700.305,15.155,4.942,Europe,2020,8
2020-09,-0.07245685239843111,Germany,9646.0,49.54,3141.928,16.767,6.297000000000001,Europe,2020,9
2020-10,-0.07025489530146056,Germany,9838.0,58.8,3445.982,22.386,24.337,Europe,2020,10
2020-11,-0.0922744662711673,Germany,17752.0,62.04,9724.956,210.974,91.838,Europe,2020,11
2020-12,-0.061447066913577736,Germany,34821.0,82.41,16154.055,257.488,134.341,Europe,2020,12
2021-01,0.05305470212889707,Germany,67715.0,83.33,25706.155,163.733,122.49,Europe,2021,1
2021-02,0.08608405858345718,Germany,76243.0,83.33,28655.95,89.668,63.007999999999996,Europe,2021,2
2021-03,0.13232515761984154,Germany,79623.0,77.78,30889.036,158.69,61.089,Europe,2021,3
2021-04,0.13012320052287066,Germany,88847.0,75.0,39570.989,199.3,93.2055,Europe,2021,4
2021-05,0.14333494310469488,Germany,92288.0,75.0,43756.519,90.252,49.37,Europe,2021,5
2021-06,0.16315255697743078,Germany,92757.0,69.44,44531.488,24.096,8.786,Europe,2021,6
2021-07,0.19397995633502033,Germany,92914.0,69.44,44906.227,21.669,4.75,Europe,2021,7
2021-08,0.20278778472290315,Germany,93259.0,61.11,45873.82,54.965,20.187,Europe,2021,8
2021-09,0.21820148440169762,Germany,93834.0,36.16,47265.486,105.333,38.041,Europe,2021,9
2021-10,0.317289553765378,Germany,96366.0,28.54,51775.426,111.995,35.576,Europe,2021,10
2021-11,0.36353065280176233,Germany,103230.0,43.2,60761.11,464.666,107.197,Europe,2021,11
2021-12,0.3260973821532608,Germany,114411.0,42.9,78526.095,468.657,107.569,Europe,2021,12
2022-01,0.5176676495897095,Germany,121151.0,42.38,106076.25,1022.838,65.431,Europe,2022,1
2022-02,0.5991400621776245,Germany,125477.0,38.66,150659.963,2044.712,126.5745,Europe,2022,2
2022-03,1.0109060393111404,Germany,134226.0,36.55,227626.921,2711.676,145.844,Europe,2022,3
2022-04,0.9360394980141372,Germany,140324.0,14.56,287760.33999999997,1253.449,106.759,Europe,2022,4
2022-05,1.0241177818929643,Germany,142695.0,14.56,313373.397,420.058,57.431,Europe,2022,5
2022-06,1.048339309959642,Germany,143818.0,14.56,327497.51,709.045,58.534,Europe,2022,6
2022-07,1.048339309959642,Germany,147785.0,11.11,365024.978,983.955,117.441,Europe,2022,7
2022-08,1.0659549667354071,Germany,150237.0,11.11,378902.382,511.134,80.737,Europe,2022,8
2022-09,1.2905545906264162,Germany,152249.0,11.11,392409.209,490.988,55.841499999999996,Europe,2022,9
2022-10,1.4160661451537444,Germany,156493.0,11.11,416212.134,1078.412,183.472,Europe,2022,10
2022-11,1.3940465741840378,Germany,160357.0,11.11,432574.31,347.9325,91.77199999999999,Europe,2022,11
2022-12,0.9624629831777858,Germany,161550.0,11.11,436655.594,382.038,132.23,Europe,2022,12
2023-01,1.2024763067475894,Germany,168054.0,0.0,451157.253,125.599,79.873,Europe,2023,1
2023-02,1.20467826384456,Germany,173431.0,0.0,460080.912,83.1485,95.82,Europe,2023,2
2023-03,1.2068802209415304,Germany,173000.0,0.0,459809.207,55.928,103.095,Europe,2023,3
2023-04,1.2311017490082077,Germany,174244.0,0.0,460551.01,17.701999999999998,45.3765,Europe,2023,4
2020-01,0.09489188697134,Italy,29.0,0.0,19.107,0.0,,Europe,2020,1
2020-02,0.07287231600163326,Italy,2.0,19.44,1.338,0.007,26.2205,Europe,2020,2
2020-03,0.0376410024501026,Italy,4825.0,82.41,907.525,36.96,222.401,Europe,2020,3
2020-04,-0.11869795143481544,Italy,23227.0,93.52,2979.887,47.006,94.9315,Europe,2020,4
2020-05,-0.18255470724696482,Italy,32735.0,75.0,3884.431,15.709,25.17,Europe,2020,5
2020-06,-0.17815079305302373,Italy,34455.5,67.59,4025.621,8.075,10.4595,Europe,2020,6
2020-07,-0.1737468788590823,Italy,34716.0,67.59,4074.277,3.988,8.943,Europe,2020,7
2020-08,-0.17154492176211145,Italy,35392.0,64.81,4299.591,11.506,10.315,Europe,2020,8
2020-09,-0.17815079305302373,Italy,35603.0,66.67,4856.17,24.101,25.500999999999998,Europe,2020,9
2020-10,-0.11649599433784459,Italy,35818.0,65.74,5225.546,27.912,93.873,Europe,2020,10
2020-11,-0.11649599433784459,Italy,44683.0,82.41,19393.632,445.24,275.825,Europe,2020,11
2020-12,-0.09007250917419675,Italy,64036.0,80.56,30932.456,271.76,153.106,Europe,2020,12
2021-01,-0.021811839168105664,Italy,85162.0,74.07,41586.892,209.194,149.346,Europe,2021,1
2021-02,0.00020773180160107784,Italy,95486.0,75.925,47356.296,207.425,113.4615,Europe,2021,2
2021-03,0.04424687374101456,Italy,101881.0,79.63,54233.996,375.248,209.596,Europe,2021,3
2021-04,0.08608405858345718,Italy,119021.0,78.7,66898.478,250.122,141.8675,Europe,2021,4
2021-05,0.10369971535922283,Italy,125153.0,69.44,70941.215,84.247,60.165,Europe,2021,5
2021-06,0.11470950084407619,Italy,126976.0,71.3,71877.773,32.253,14.5755,Europe,2021,6
2021-07,0.20939365601381513,Italy,127864.0,74.0,72569.706,68.579,11.129,Europe,2021,7
2021-08,0.23581714117746327,Italy,128413.0,53.98,75121.916,105.703,40.008,Europe,2021,8
2021-09,0.23801909827443382,Italy,129056.0,57.295,76634.243,73.866,33.199,Europe,2021,9
2021-10,0.4119737089351172,Italy,131274.0,50.62,79577.222,45.905,20.462,Europe,2021,10
2021-11,0.5352833063654748,Italy,132739.0,49.815,82193.492,153.619,40.7535,Europe,2021,11
2021-12,0.5352833063654748,Italy,134765.0,49.57,88186.449,357.778,77.375,Europe,2021,12
2022-01,0.8325475144565159,Italy,143296.0,53.23,165677.673,2517.007,187.779,Europe,2022,1
2022-02,1.0263197389899354,Italy,150824.0,47.385,204164.06,1070.7240000000002,111.971,Europe,2022,2
2022-03,1.2024763067475894,Italy,157692.0,43.69,233752.878,1154.354,77.544,Europe,2022,3
2022-04,1.0020982109232575,Italy,162105.5,36.44,268804.2265,1014.789,85.3355,Europe,2022,4
2022-05,1.0945804089960263,Italy,165918.0,22.52,291836.056,349.604,58.81,Europe,2022,5
2022-06,1.255323277074885,Italy,167703.0,19.22,302264.043,510.184,45.3525,Europe,2022,6
2022-07,1.2575252341718561,Italy,170798.0,19.22,349069.655,822.751,107.068,Europe,2022,7
2022-08,1.343401560953712,Italy,173982.0,19.22,363838.004,467.754,49.646,Europe,2022,8
2022-09,1.3367956896628004,Italy,176546.0,15.51,375167.402,328.791,33.8855,Europe,2022,9
2022-10,2.290243112651102,Italy,177956.0,15.51,390764.445,697.988,66.957,Europe,2022,10
2022-11,2.402542924596607,Italy,180139.0,19.21,404458.257,534.801,68.8375,Europe,2022,11
2022-12,2.3210705120086916,Italy,181271.0,19.21,412071.574,347.513,81.237,Europe,2022,12
2023-01,2.1317022016692135,Italy,186158.0,0.0,429911.498,114.189,43.837,Europe,2023,1
2023-02,1.937929977135794,Italy,189155.0,0.0,435336.171,66.0295,27.685499999999998,Europe,2023,2
2023-03,1.568001184844721,Italy,188974.0,0.0,434980.482,55.754,23.46,Europe,2023,3
2023-04,1.5393757425841021,Italy,189627.0,0.0,436544.082,55.31,27.567500000000003,Europe,2023,4
2023-05,1.488730729353777,Italy,190122.0,0.0,437561.3,55.776,16.617,Europe,2023,5
