Year,Month,location,total_deaths,total_cases_per_million,new_cases_smoothed_per_million,stringency_index,weekly_hosp_admissions_per_million,Date,HICP,continent
2020,1,Argentina,0.0,0.0,0.0,0.0,,2020-01-01 00:00:00,,
2020,1,Bolivia,0.0,0.0,0.0,0.0,,2020-01-01 00:00:00,,
2020,1,Brazil,0.0,0.005,0.0,0.0,,2020-01-01 00:00:00,,
2020,1,Canada,0.0,0.39,0.004,0.0,,2020-01-01 00:00:00,,
2020,1,Chile,0.0,0.051,0.0,0.0,,2020-01-01 00:00:00,,
2020,1,Colombia,0.0,0.0,0.0,0.0,,2020-01-01 00:00:00,,
2020,1,Costa Rica,0.0,0.0,0.0,0.0,,2020-01-01 00:00:00,,
2020,1,Dominican Republic,0.0,0.0,0.0,0.0,,2020-01-01 00:00:00,,
2020,1,Ecuador,0.0,0.0,0.0,0.0,,2020-01-01 00:00:00,,
2020,1,Guatemala,0.0,0.0,0.0,0.0,,2020-01-01 00:00:00,,
2020,1,Honduras,0.0,0.0,0.0,0.0,,2020-01-01 00:00:00,,
2020,1,Jamaica,0.0,0.0,0.0,0.0,,2020-01-01 00:00:00,,
2020,1,Mexico,0.0,0.047,0.0,0.0,,2020-01-01 00:00:00,,
2020,1,Nicaragua,0.0,0.0,0.0,0.0,,2020-01-01 00:00:00,,
2020,1,Panama,0.0,0.0,0.0,0.0,,2020-01-01 00:00:00,,
2020,1,Paraguay,0.0,0.0,0.0,0.0,,2020-01-01 00:00:00,,
2020,1,Peru,0.0,0.0,0.0,0.0,,2020-01-01 00:00:00,,
2020,1,United States,1.0,0.216,0.003,0.0,,2020-01-01 00:00:00,,
2020,1,Uruguay,0.0,0.0,0.0,0.0,,2020-01-01 00:00:00,,
2020,2,Argentina,0.0,0.0,0.0,11.11,,2020-02-01 00:00:00,,
2020,2,Bolivia,0.0,0.0,0.0,0.0,,2020-02-01 00:00:00,,
2020,2,Brazil,0.0,0.0,0.0,5.56,,2020-02-01 00:00:00,,
2020,2,Canada,0.0,0.234,0.007,2.78,,2020-02-01 00:00:00,,
2020,2,Chile,0.0,0.0,0.0,0.0,,2020-02-01 00:00:00,,
2020,2,Colombia,0.0,0.0,0.0,8.33,,2020-02-01 00:00:00,,
2020,2,Costa Rica,0.0,0.0,0.0,11.11,,2020-02-01 00:00:00,,
2020,2,Dominican Republic,0.0,0.0,0.0,0.0,,2020-02-01 00:00:00,,
2020,2,Ecuador,0.0,0.0,0.0,5.56,,2020-02-01 00:00:00,,
2020,2,Guatemala,0.0,0.0,0.0,11.11,,2020-02-01 00:00:00,,
2020,2,Honduras,0.0,0.0,0.0,0.0,,2020-02-01 00:00:00,,
2020,2,Jamaica,0.0,0.0,0.0,19.44,,2020-02-01 00:00:00,,
2020,2,Mexico,0.0,0.008,0.0,0.0,,2020-02-01 00:00:00,,
2020,2,Nicaragua,0.0,0.0,0.0,0.0,,2020-02-01 00:00:00,,
2020,2,Panama,0.0,0.0,0.0,8.33,,2020-02-01 00:00:00,,
2020,2,Paraguay,0.0,0.0,0.0,5.56,,2020-02-01 00:00:00,,
2020,2,Peru,0.0,0.0,0.0,0.0,,2020-02-01 00:00:00,,
2020,2,United States,0.0,0.118,0.003,8.33,,2020-02-01 00:00:00,,
2020,2,Uruguay,0.0,0.0,0.0,0.0,,2020-02-01 00:00:00,,
2020,3,Argentina,20.0,11.778,1.271,41.67,,2020-03-01 00:00:00,,
2020,3,Bolivia,0.0,1.554,0.117,52.78,,2020-03-01 00:00:00,,
2020,3,Brazil,11.0,4.199,0.544,42.13,,2020-03-01 00:00:00,,
2020,3,Canada,11.0,25.251,2.953,43.52,,2020-03-01 00:00:00,,
2020,3,Chile,0.0,27.393,3.469,47.22,,2020-03-01 00:00:00,,
2020,3,Colombia,0.0,3.778,0.496,45.37,,2020-03-01 00:00:00,,
2020,3,Costa Rica,2.0,21.811,1.048,37.04,,2020-03-01 00:00:00,,
2020,3,Dominican Republic,2.0,6.412,0.852,19.44,,2020-03-01 00:00:00,,
2020,3,Ecuador,7.0,28.11,3.833,55.56,,2020-03-01 00:00:00,,
2020,3,Guatemala,1.0,0.672,0.088,52.78,,2020-03-01 00:00:00,,
2020,3,Honduras,0.0,2.3,0.288,93.52,,2020-03-01 00:00:00,,
2020,3,Jamaica,1.0,5.659,0.404,59.26,,2020-03-01 00:00:00,,
2020,3,Mexico,4.0,7.082,0.75,2.78,,2020-03-01 00:00:00,,
2020,3,Nicaragua,0.0,0.288,0.0,8.33,,2020-03-01 00:00:00,,
2020,3,Panama,1.0,31.076,3.564,48.15,,2020-03-01 00:00:00,,
2020,3,Paraguay,1.0,2.655,0.232,55.56,,2020-03-01 00:00:00,,
2020,3,Peru,26.0,9.339,1.137,90.74,,2020-03-01 00:00:00,,
2020,3,United States,374.0,92.864,11.607,52.31,,2020-03-01 00:00:00,,
2020,3,Uruguay,0.0,27.463,3.548,54.63,,2020-03-01 00:00:00,,
2020,4,Argentina,279.0,89.342,3.378,100.0,,2020-04-01 00:00:00,,
2020,4,Bolivia,31.0,40.33,2.548,96.3,,2020-04-01 00:00:00,,
2020,4,Brazil,2141.0,156.432,9.318,74.54,,2020-04-01 00:00:00,,
2020,4,Canada,1306.0,828.827,36.18,74.54,,2020-04-01 00:00:00,,
2020,4,Chile,126.0,496.334,20.426,75.93,32.29,2020-04-01 00:00:00,,
2020,4,Colombia,153.0,66.295,2.66,87.96,,2020-04-01 00:00:00,,
2020,4,Costa Rica,4.0,125.269,2.509,75.93,,2020-04-01 00:00:00,,
2020,4,Dominican Republic,217.0,386.06,20.241,92.59,,2020-04-01 00:00:00,,
2020,4,Ecuador,456.0,501.194,14.007,93.52,,2020-04-01 00:00:00,,
2020,4,Guatemala,7.0,13.17,0.785,93.52,,2020-04-01 00:00:00,,
2020,4,Honduras,46.0,43.804,0.89,100.0,,2020-04-01 00:00:00,,
2020,4,Jamaica,5.0,57.651,4.952,88.89,,2020-04-01 00:00:00,,
2020,4,Mexico,1305.0,105.879,6.675,82.41,,2020-04-01 00:00:00,,
2020,4,Nicaragua,1.0,1.295,0.041,24.07,,2020-04-01 00:00:00,,
2020,4,Panama,115.0,954.956,36.552,90.74,,2020-04-01 00:00:00,,
2020,4,Paraguay,8.0,29.79,0.801,94.44,,2020-04-01 00:00:00,,
2020,4,Peru,1490.0,396.158,31.853,94.44,,2020-04-01 00:00:00,,
2020,4,United States,38535.0,2121.796,82.833,72.69,,2020-04-01 00:00:00,,
2020,4,Uruguay,9.0,148.417,2.296,62.96,,2020-04-01 00:00:00,,
2020,5,Argentina,1009.0,365.214,9.135,90.74,,2020-05-01 00:00:00,,
2020,5,Bolivia,230.0,456.393,15.321,96.3,,2020-05-01 00:00:00,,
2020,5,Brazil,21048.0,1536.782,48.365,81.02,,2020-05-01 00:00:00,,
2020,5,Canada,6232.0,2144.596,29.226,72.69,,2020-05-01 00:00:00,,
2020,5,Chile,673.0,3335.742,103.544,81.02,123.497,2020-05-01 00:00:00,,
2020,5,Colombia,682.0,368.797,11.47,87.04,,2020-05-01 00:00:00,,
2020,5,Costa Rica,10.0,175.84,1.93,72.22,,2020-05-01 00:00:00,,
2020,5,Dominican Republic,458.0,1284.373,28.345,100.0,,2020-05-01 00:00:00,,
2020,5,Ecuador,3096.0,2014.221,38.022,86.11,,2020-05-01 00:00:00,,
2020,5,Guatemala,53.0,153.722,7.3775,96.3,,2020-05-01 00:00:00,,
2020,5,Honduras,167.0,333.274,9.434,100.0,,2020-05-01 00:00:00,,
2020,5,Jamaica,9.0,192.404,1.667,89.81,,2020-05-01 00:00:00,,
2020,5,Mexico,15420.0,731.396,21.891,82.41,,2020-05-01 00:00:00,,
2020,5,Nicaragua,17.0,40.153,0.185,18.52,,2020-05-01 00:00:00,,
2020,5,Panama,295.0,2328.867,36.552,89.81,,2020-05-01 00:00:00,,
2020,5,Paraguay,11.0,125.355,1.517,94.44,,2020-05-01 00:00:00,,
2020,5,Peru,15583.0,3280.451,95.021,92.59,,2020-05-01 00:00:00,,
2020,5,United States,98515.0,4844.916,71.381,72.69,,2020-05-01 00:00:00,,
2020,5,Uruguay,20.0,219.996,1.586,61.11,,2020-05-01 00:00:00,,
2020,6,Argentina,2423.0,1041.8075,44.103,88.89,,2020-06-01 00:00:00,,
2020,6,Bolivia,637.0,1611.7735,60.431,88.89,,2020-06-01 00:00:00,,
2020,6,Brazil,45391.0,4323.284,135.419,77.31,,2020-06-01 00:00:00,,
2020,6,Canada,8169.5,2581.634,14.169,70.83,,2020-06-01 00:00:00,,
2020,6,Chile,3698.0,10306.7855,226.036,81.02,207.58749999999998,2020-06-01 00:00:00,,
2020,6,Colombia,1795.0,1061.5525,45.214,87.04,,2020-06-01 00:00:00,,
2020,6,Costa Rica,12.0,354.19,12.298,72.22,,2020-06-01 00:00:00,,
2020,6,Dominican Republic,616.0,2152.942,41.8755,87.04,,2020-06-01 00:00:00,,
2020,6,Ecuador,4036.5,2681.4895,30.371,83.33,,2020-06-01 00:00:00,,
2020,6,Guatemala,417.0,602.194,28.237,96.3,,2020-06-01 00:00:00,,
2020,6,Honduras,327.5,929.2755,42.804,96.3,,2020-06-01 00:00:00,,
2020,6,Jamaica,10.0,223.882,1.92,75.93,,2020-06-01 00:00:00,,
2020,6,Mexico,31494.0,1603.0895,42.113,70.83,,2020-06-01 00:00:00,,
2020,6,Nicaragua,59.5,264.01800000000003,7.381,18.52,,2020-06-01 00:00:00,,
2020,6,Panama,453.0,4931.858,164.063,83.33,,2020-06-01 00:00:00,,
2020,6,Paraguay,12.0,193.4155,3.0025000000000004,82.405,,2020-06-01 00:00:00,,
2020,6,Peru,29938.0,6882.227000000001,153.503,89.81,,2020-06-01 00:00:00,,
2020,6,United States,118909.5,6435.571,76.021,68.98,,2020-06-01 00:00:00,,
2020,6,Uruguay,23.5,248.335,2.629,57.41,,2020-06-01 00:00:00,,
2020,7,Argentina,3500.0,1613.81,59.663,92.59,,2020-07-01 00:00:00,,
2020,7,Bolivia,934.0,2406.964,81.186,89.81,,2020-07-01 00:00:00,,
2020,7,Brazil,55961.0,5921.477,160.604,81.02,,2020-07-01 00:00:00,,
2020,7,Canada,8475.0,2672.859,9.451,67.13,,2020-07-01 00:00:00,,
2020,7,Chile,5347.0,13658.927,122.55,90.28,112.683,2020-07-01 00:00:00,,
2020,7,Colombia,2811.0,1627.828,58.29,87.04,,2020-07-01 00:00:00,,
2020,7,Costa Rica,12.0,547.402,21.453,73.61,,2020-07-01 00:00:00,,
2020,7,Dominican Republic,718.0,2726.822,61.589,75.0,,2020-07-01 00:00:00,,
2020,7,Ecuador,4424.0,3031.72,34.847,79.63,,2020-07-01 00:00:00,,
2020,7,Guatemala,672.0,887.025,26.572,96.3,,2020-07-01 00:00:00,,
2020,7,Honduras,471.0,1533.041,64.248,96.3,,2020-07-01 00:00:00,,
2020,7,Jamaica,10.0,242.627,1.011,75.93,,2020-07-01 00:00:00,,
2020,7,Mexico,38556.0,2058.757,44.039,70.83,,2020-07-01 00:00:00,,
2020,7,Nicaragua,74.0,289.851,6.003,20.37,,2020-07-01 00:00:00,,
2020,7,Panama,575.0,6783.36,182.469,83.33,,2020-07-01 00:00:00,,
2020,7,Paraguay,13.0,252.332,7.353,78.7,,2020-07-01 00:00:00,,
2020,7,Peru,35912.0,7999.04,108.627,78.7,,2020-07-01 00:00:00,,
2020,7,United States,127218.0,7465.128,109.069,68.98,99.474,2020-07-01 00:00:00,,
2020,7,Uruguay,26.0,268.494,2.17,37.96,,2020-07-01 00:00:00,,
2020,8,Argentina,13354.0,7288.742,160.664,87.96,,2020-08-01 00:00:00,,
2020,8,Bolivia,3939.0,8012.851,81.502,89.81,,2020-08-01 00:00:00,,
2020,8,Brazil,106523.0,15212.794,170.389,72.69,,2020-08-01 00:00:00,,
2020,8,Canada,8982.0,3163.545,10.105,67.13,,2020-08-01 00:00:00,,
2020,8,Chile,10395.0,19583.104,86.033,87.5,74.017,2020-08-01 00:00:00,,
2020,8,Colombia,14492.0,8580.614,188.319,87.04,,2020-08-01 00:00:00,,
2020,8,Costa Rica,281.0,5198.196,143.468,72.22,,2020-08-01 00:00:00,,
2020,8,Dominican Republic,1438.0,7618.342,40.266,78.7,,2020-08-01 00:00:00,,
2020,8,Ecuador,6065.0,5593.466,46.164,76.39,,2020-08-01 00:00:00,,
2020,8,Guatemala,2355.0,3492.115,44.377,87.04,,2020-08-01 00:00:00,,
2020,8,Honduras,1548.0,4741.462,38.779,90.74,,2020-08-01 00:00:00,,
2020,8,Jamaica,14.0,382.686,13.339,73.15,,2020-08-01 00:00:00,,
2020,8,Mexico,74706.0,4530.646,42.427,70.83,,2020-08-01 00:00:00,,
2020,8,Nicaragua,128.0,491.193,2.447,20.37,,2020-08-01 00:00:00,,
2020,8,Panama,1734.0,18010.78,161.698,81.48,,2020-08-01 00:00:00,,
2020,8,Paraguay,108.0,1330.532,70.325,78.7,,2020-08-01 00:00:00,,
2020,8,Peru,65036.0,15163.062,219.936,85.19,,2020-08-01 00:00:00,,
2020,8,United States,174939.0,15855.447,133.355,68.98,93.872,2020-08-01 00:00:00,,
2020,8,Uruguay,38.0,415.158,3.965,37.96,,2020-08-01 00:00:00,,
2020,9,Argentina,22261.0,13235.524,236.461,87.96,,2020-09-01 00:00:00,,
2020,9,Bolivia,7250.0,10239.761,65.351,81.48,,2020-09-01 00:00:00,,
2020,9,Brazil,130396.0,19888.042,141.335,69.91,,2020-09-01 00:00:00,,
2020,9,Canada,9126.0,3526.937,16.725,63.43,,2020-09-01 00:00:00,,
2020,9,Chile,11895.0,22070.589,89.138,87.5,65.5745,2020-09-01 00:00:00,,
2020,9,Colombia,22518.0,13534.48,143.276,71.3,,2020-09-01 00:00:00,,
2020,9,Costa Rica,583.0,10417.045,228.562,62.96,,2020-09-01 00:00:00,,
2020,9,Dominican Republic,1953.0,9181.017,54.91,78.7,,2020-09-01 00:00:00,,
2020,9,Ecuador,10864.0,6469.14,58.251,51.39,,2020-09-01 00:00:00,,
2020,9,Guatemala,2949.0,4576.238,36.427,87.04,,2020-09-01 00:00:00,,
2020,9,Honduras,2058.0,6330.864,62.467,76.85,,2020-09-01 00:00:00,,
2020,9,Jamaica,40.0,1281.397,33.6,75.0,,2020-09-01 00:00:00,,
2020,9,Mexico,89266.0,5717.345,39.594,73.61,,2020-09-01 00:00:00,,
2020,9,Nicaragua,144.0,557.971,2.138,11.11,,2020-09-01 00:00:00,,
2020,9,Panama,2140.0,22757.885,153.402,87.04,,2020-09-01 00:00:00,,
2020,9,Paraguay,496.0,3909.895,107.426,81.48,,2020-09-01 00:00:00,,
2020,9,Peru,77799.0,21047.832,167.076,85.19,,2020-09-01 00:00:00,,
2020,9,United States,198641.0,19259.652,124.5555,66.2,78.1285,2020-09-01 00:00:00,,
2020,9,Uruguay,45.0,517.998,3.214,37.965,,2020-09-01 00:00:00,,
2020,10,Argentina,27057.0,16686.214,256.494,82.87,,2020-10-01 00:00:00,,
2020,10,Bolivia,7800.0,10898.295,12.271,81.48,,2020-10-01 00:00:00,,
2020,10,Brazil,140537.0,21780.394,95.815,63.43,,2020-10-01 00:00:00,,
2020,10,Canada,9217.0,3912.59,42.247,65.28,,2020-10-01 00:00:00,,
2020,10,Chile,12591.0,23259.801,75.846,87.5,55.551,2020-10-01 00:00:00,,
2020,10,Colombia,25103.0,15389.532,131.764,71.3,,2020-10-01 00:00:00,,
2020,10,Costa Rica,812.0,13668.836,206.199,58.33,,2020-10-01 00:00:00,,
2020,10,Dominican Republic,2093.0,9881.447,37.035,67.59,,2020-10-01 00:00:00,,
2020,10,Ecuador,11273.0,7442.975,44.394,51.39,,2020-10-01 00:00:00,,
2020,10,Guatemala,3213.0,5027.036,27.893,49.54,,2020-10-01 00:00:00,,
2020,10,Honduras,2271.0,7077.639,44.215,78.7,,2020-10-01 00:00:00,,
2020,10,Jamaica,88.0,2070.467,24.0,71.3,,2020-10-01 00:00:00,,
2020,10,Mexico,95061.0,6214.387,37.776,71.76,,2020-10-01 00:00:00,,
2020,10,Nicaragua,149.0,585.027,1.336,8.33,,2020-10-01 00:00:00,,
2020,10,Panama,2311.0,24822.267,141.542,62.04,,2020-10-01 00:00:00,,
2020,10,Paraguay,761.0,5489.957,100.642,64.81,,2020-10-01 00:00:00,,
2020,10,Peru,81420.0,23336.083,86.844,82.41,,2020-10-01 00:00:00,,
2020,10,United States,208593.0,20991.159,128.704,66.2,105.25,2020-10-01 00:00:00,,
2020,10,Uruguay,47.0,574.676,3.214,43.52,,2020-10-01 00:00:00,,
2020,11,Argentina,41968.0,29786.516,181.708,79.17,,2020-11-01 00:00:00,,
2020,11,Bolivia,8835.0,11703.834,8.484,81.48,,2020-11-01 00:00:00,,
2020,11,Brazil,164737.0,26986.937,119.076,57.87,,2020-11-01 00:00:00,,
2020,11,Canada,10771.0,7471.669,117.055,68.98,,2020-11-01 00:00:00,,
2020,11,Chile,14777.0,27019.136,68.988,81.94,48.4855,2020-11-01 00:00:00,,
2020,11,Colombia,33669.0,22799.406,139.753,65.74,,2020-11-01 00:00:00,,
2020,11,Costa Rica,1537.0,23572.064,201.153,55.56,,2020-11-01 00:00:00,,
2020,11,Dominican Republic,2282.0,11864.558,52.009,64.81,,2020-11-01 00:00:00,,
2020,11,Ecuador,12997.0,9978.722,41.656,52.78,,2020-11-01 00:00:00,,
2020,11,Guatemala,3920.0,6429.027,29.374,49.54,,2020-11-01 00:00:00,,
2020,11,Honduras,2820.0,9784.375,28.755,81.48,,2020-11-01 00:00:00,,
2020,11,Jamaica,229.0,3459.03,21.676,71.3,,2020-11-01 00:00:00,,
2020,11,Mexico,116310.0,8413.579,50.212,71.76,,2020-11-01 00:00:00,,
2020,11,Nicaragua,158.0,652.381,1.028,8.33,,2020-11-01 00:00:00,,
2020,11,Panama,2856.0,32771.762,217.66,58.33,,2020-11-01 00:00:00,,
2020,11,Paraguay,1556.0,10381.16,98.304,63.89,,2020-11-01 00:00:00,,
2020,11,Peru,88119.0,27390.933,56.376,76.85,,2020-11-01 00:00:00,,
2020,11,United States,250436.0,32295.08,424.338,72.22,214.40300000000002,2020-11-01 00:00:00,,
2020,11,Uruguay,64.0,1134.453,21.411,43.52,,2020-11-01 00:00:00,,
2020,12,Argentina,45738.0,33829.489,140.825,79.17,,2020-12-01 00:00:00,,
2020,12,Bolivia,9013.0,12000.624,28.655,47.22,,2020-12-01 00:00:00,,
2020,12,Brazil,180437.0,31750.108,189.479,64.35,,2020-12-01 00:00:00,,
2020,12,Canada,13166.0,11672.002,171.896,72.69,,2020-12-01 00:00:00,,
2020,12,Chile,15846.0,29064.919,98.91,76.39,55.908,2020-12-01 00:00:00,,
2020,12,Colombia,38669.0,27160.2,157.155,60.19,,2020-12-01 00:00:00,,
2020,12,Costa Rica,1895.0,29135.645,181.714,55.56,,2020-12-01 00:00:00,,
2020,12,Dominican Republic,2360.0,13677.749,75.444,64.81,,2020-12-01 00:00:00,,
2020,12,Ecuador,13874.0,11195.155,34.887,55.56,,2020-12-01 00:00:00,,
2020,12,Guatemala,4405.0,7234.904,27.989,49.54,,2020-12-01 00:00:00,,
2020,12,Honduras,2971.0,10899.027,40.463,81.48,,2020-12-01 00:00:00,,
2020,12,Jamaica,271.0,4105.565,26.627,71.3,,2020-12-01 00:00:00,,
2020,12,Mexico,132958.0,10283.315,72.621,71.76,,2020-12-01 00:00:00,,
2020,12,Nicaragua,162.0,677.71,0.864,8.33,,2020-12-01 00:00:00,,
2020,12,Panama,3309.0,42593.968,459.234,67.59,,2020-12-01 00:00:00,,
2020,12,Paraguay,1927.0,13584.496,117.813,58.33,,2020-12-01 00:00:00,,
2020,12,Peru,90846.0,28809.247,53.775,70.37,,2020-12-01 00:00:00,,
2020,12,United States,305721.0,47333.361,583.427,71.76,308.304,2020-12-01 00:00:00,,
2020,12,Uruguay,90.0,2585.313,88.399,53.7,,2020-12-01 00:00:00,,
2021,1,Argentina,52585.0,42459.97,244.673,79.17,,2021-01-01 00:00:00,,
2021,1,Bolivia,9871.0,16218.517,63.925,30.56,,2021-01-01 00:00:00,,
2021,1,Brazil,215243.0,40656.623,189.479,69.91,,2021-01-01 00:00:00,,
2021,1,Canada,18697.0,19176.177,154.926,75.46,,2021-01-01 00:00:00,,
2021,1,Chile,17854.0,35434.419,109.6,79.17,112.938,2021-01-01 00:00:00,,
2021,1,Colombia,50586.0,38312.39,255.11,81.02,,2021-01-01 00:00:00,,
2021,1,Costa Rica,2518.0,36540.049,181.245,66.67,,2021-01-01 00:00:00,,
2021,1,Dominican Republic,2513.0,18034.574,87.479,67.59,,2021-01-01 00:00:00,,
2021,1,Ecuador,14596.0,13234.374,52.791,69.44,,2021-01-01 00:00:00,,
2021,1,Guatemala,5456.0,8624.229,42.367,52.78,,2021-01-01 00:00:00,,
2021,1,Honduras,3439.0,13340.736,82.377,87.96,,2021-01-01 00:00:00,,
2021,1,Jamaica,336.0,5224.621,32.387,71.3,,2021-01-01 00:00:00,,
2021,1,Mexico,176696.0,14482.889,116.942,71.76,,2021-01-01 00:00:00,,
2021,1,Nicaragua,168.0,712.826,0.864,8.33,,2021-01-01 00:00:00,,
2021,1,Panama,4980.0,69816.78,460.174,76.85,,2021-01-01 00:00:00,,
2021,1,Paraguay,2585.0,18636.595,117.581,55.56,,2021-01-01 00:00:00,,
2021,1,Peru,99275.0,31956.216,49.449,62.96,,2021-01-01 00:00:00,,
2021,1,United States,429874.0,73293.383,534.563,71.76,323.79,2021-01-01 00:00:00,,
2021,1,Uruguay,364.0,10567.384,162.691,64.81,,2021-01-01 00:00:00,,
2021,2,Argentina,56396.0,46983.889,159.286,79.17,,2021-02-01 00:00:00,,
2021,2,Bolivia,11390.0,19688.625,107.376,25.0,,2021-02-01 00:00:00,,
2021,2,Brazil,244765.0,46823.241,211.18,70.37,,2021-02-01 00:00:00,,
2021,2,Canada,21407.0,21859.334,83.773,75.46,,2021-02-01 00:00:00,,
2021,2,Chile,19974.0,40596.599,177.175,79.17,117.7585,2021-02-01 00:00:00,,
2021,2,Colombia,58511.0,42738.169,117.067,81.02,,2021-02-01 00:00:00,,
2021,2,Costa Rica,2763.0,38927.694,75.801,59.26,,2021-02-01 00:00:00,,
2021,2,Dominican Republic,3028.0,20883.938,71.334,62.04,,2021-02-01 00:00:00,,
2021,2,Ecuador,15513.0,15171.211,66.758,69.44,,2021-02-01 00:00:00,,
2021,2,Guatemala,6249.0,9579.232,33.097,52.78,,2021-02-01 00:00:00,,
2021,2,Honduras,3975.0,15726.947,79.022,82.41,,2021-02-01 00:00:00,,
2021,2,Jamaica,391.0,7400.486,98.0715,74.07,,2021-02-01 00:00:00,,
2021,2,Mexico,206535.0,16428.308,48.33,66.66499999999999,,2021-02-01 00:00:00,,
2021,2,Nicaragua,172.0,734.846,0.833,8.33,,2021-02-01 00:00:00,,
2021,2,Panama,5711.0,76065.048,142.514,74.07,,2021-02-01 00:00:00,,
2021,2,Paraguay,3026.0,22074.861,149.288,50.0,,2021-02-01 00:00:00,,
2021,2,Peru,116442.0,37284.533,202.39,75.0,,2021-02-01 00:00:00,,
2021,2,United States,506493.0,82368.24,199.949,68.06,162.4245,2021-02-01 00:00:00,,
2021,2,Uruguay,563.0,15010.243,148.125,64.81,,2021-02-01 00:00:00,,
2021,3,Argentina,59088.0,50031.615,162.07,71.76,,2021-03-01 00:00:00,,
2021,3,Bolivia,11903.0,21132.329,64.089,25.0,,2021-03-01 00:00:00,,
2021,3,Brazil,275105.0,52775.975,337.057,67.13,,2021-03-01 00:00:00,,
2021,3,Canada,22217.0,23488.019,109.937,71.76,,2021-03-01 00:00:00,,
2021,3,Chile,21574.0,45163.789,289.376,79.17,160.939,2021-03-01 00:00:00,,
2021,3,Colombia,60950.0,44234.41,82.092,81.02,,2021-03-01 00:00:00,,
2021,3,Costa Rica,2862.0,40358.93,90.305,59.26,,2021-03-01 00:00:00,,
2021,3,Dominican Republic,3213.0,21873.712,42.913,62.04,,2021-03-01 00:00:00,,
2021,3,Ecuador,16215.0,16702.737,80.964,59.26,,2021-03-01 00:00:00,,
2021,3,Guatemala,6563.0,10237.608,43.16,52.78,,2021-03-01 00:00:00,,
2021,3,Honduras,4325.0,16981.732,58.305,82.41,,2021-03-01 00:00:00,,
2021,3,Jamaica,484.0,10579.398,155.722,71.3,,2021-03-01 00:00:00,,
2021,3,Mexico,218284.0,17343.581,38.436,47.22,,2021-03-01 00:00:00,,
2021,3,Nicaragua,175.0,750.677,0.822,8.33,,2021-03-01 00:00:00,,
2021,3,Panama,5981.0,78761.38,97.019,76.85,,2021-03-01 00:00:00,,
2021,3,Paraguay,3436.0,26190.78,260.823,50.0,,2021-03-01 00:00:00,,
2021,3,Peru,130614.0,41193.156,205.729,70.37,,2021-03-01 00:00:00,,
2021,3,United States,538858.0,86123.865,176.441,64.35,101.304,2021-03-01 00:00:00,,
2021,3,Uruguay,689.0,20180.578,378.554,68.52,,2021-03-01 00:00:00,,
2021,4,Argentina,72377.0,65428.89,516.439,71.76,,2021-04-01 00:00:00,,
2021,4,Bolivia,12783.0,24205.599,78.428,27.78,,2021-04-01 00:00:00,,
2021,4,Brazil,386416.0,66122.55,304.726,70.83,,2021-04-01 00:00:00,,
2021,4,Canada,23655.0,30284.758,156.757,75.46,,2021-04-01 00:00:00,,
2021,4,Chile,25742.0,59315.786,331.3,81.94,212.97,2021-04-01 00:00:00,,
2021,4,Colombia,70446.0,52830.754,317.296,79.63,,2021-04-01 00:00:00,,
2021,4,Costa Rica,3136.0,45732.002,166.355,59.26,,2021-04-01 00:00:00,,
2021,4,Dominican Republic,3451.0,23505.941,42.2,70.37,,2021-04-01 00:00:00,,
2021,4,Ecuador,18158.0,20707.403,105.391,65.28,,2021-04-01 00:00:00,,
2021,4,Guatemala,7395.0,12402.38,72.053,49.07,,2021-04-01 00:00:00,,
2021,4,Honduras,5095.0,19716.17,70.3,93.52,,2021-04-01 00:00:00,,
2021,4,Jamaica,756.0,15868.744,79.074,74.07,,2021-04-01 00:00:00,,
2021,4,Mexico,231474.0,18511.284,26.629,44.44,,2021-04-01 00:00:00,,
2021,4,Nicaragua,181.0,784.354,0.843,13.89,,2021-04-01 00:00:00,,
2021,4,Panama,6200.0,82193.776,69.702,68.52,,2021-04-01 00:00:00,,
2021,4,Paraguay,5715.0,38806.06,308.942,64.81,,2021-04-01 00:00:00,,
2021,4,Peru,161809.0,51268.021,237.486,67.59,,2021-04-01 00:00:00,,
2021,4,United States,571084.0,93740.384,176.441,54.475,113.122,2021-04-01 00:00:00,,
2021,4,Uruguay,2227.0,52453.316,833.404,75.93,,2021-04-01 00:00:00,,
2021,5,Argentina,86838.0,80521.07,521.04,84.26,,2021-05-01 00:00:00,,
2021,5,Bolivia,13857.0,28310.436,158.703,27.78,,2021-05-01 00:00:00,,
2021,5,Brazil,446309.0,74175.324,279.314,60.65,,2021-05-01 00:00:00,,
2021,5,Canada,24922.0,35161.738,125.228,75.46,,2021-05-01 00:00:00,,
2021,5,Chile,28386.0,67508.204,278.926,80.09,179.507,2021-05-01 00:00:00,,
2021,5,Colombia,83719.0,61534.647,296.295,62.96,,2021-05-01 00:00:00,,
2021,5,Costa Rica,3765.0,57754.965,454.367,59.26,,2021-05-01 00:00:00,,
2021,5,Dominican Republic,3606.0,25174.949,72.161,66.67,,2021-05-01 00:00:00,,
2021,5,Ecuador,20180.0,23212.041,54.767,75.46,,2021-05-01 00:00:00,,
2021,5,Guatemala,7996.0,13848.195,49.909,51.85,,2021-05-01 00:00:00,,
2021,5,Honduras,6133.0,22195.26,86.321,93.52,,2021-05-01 00:00:00,,
2021,5,Jamaica,912.0,16941.114,33.651,76.85,,2021-05-01 00:00:00,,
2021,5,Mexico,235828.0,19017.534,16.526,44.44,,2021-05-01 00:00:00,,
2021,5,Nicaragua,185.0,824.795,1.686,13.89,,2021-05-01 00:00:00,,
2021,5,Panama,6321.0,84677.568,106.319,61.11,,2021-05-01 00:00:00,,
2021,5,Paraguay,8115.0,48258.562,324.553,54.63,,2021-05-01 00:00:00,,
2021,5,Peru,179912.0,56258.126,134.212,62.96,,2021-05-01 00:00:00,,
2021,5,United States,587625.0,96831.491,76.692,56.02,76.266,2021-05-01 00:00:00,,
2021,5,Uruguay,3760.0,75534.738,795.507,70.37,,2021-05-01 00:00:00,,
2021,6,Argentina,98472.0,92964.533,510.933,77.78,,2021-06-01 00:00:00,,
2021,6,Bolivia,15417.0,32991.43,216.2,27.78,,2021-06-01 00:00:00,,
2021,6,Brazil,484235.0,80329.927,301.693,60.65,,2021-06-01 00:00:00,,
2021,6,Canada,25632.0,36399.466,37.949,73.61,,2021-06-01 00:00:00,,
2021,6,Chile,30579.0,74934.288,337.713,84.72,206.2105,2021-06-01 00:00:00,,
2021,6,Colombia,94615.0,71224.602,486.511,59.26,,2021-06-01 00:00:00,,
2021,6,Costa Rica,4322.0,65607.172,328.711,55.56,,2021-06-01 00:00:00,,
2021,6,Dominican Republic,3705.0,27415.79,101.372,62.96,,2021-06-01 00:00:00,,
2021,6,Ecuador,21018.0,24337.979,54.767,56.48,,2021-06-01 00:00:00,,
2021,6,Guatemala,8439.0,15194.592,70.58,51.85,,2021-06-01 00:00:00,,
2021,6,Honduras,6599.0,23550.114,66.972,93.52,,2021-06-01 00:00:00,,
2021,6,Jamaica,996.0,17412.575,18.947,74.54,,2021-06-01 00:00:00,,
2021,6,Mexico,237936.0,19417.184,21.793,44.44,,2021-06-01 00:00:00,,
2021,6,Nicaragua,188.0,875.742,2.796,8.33,,2021-06-01 00:00:00,,
2021,6,Panama,6427.0,87617.515,166.785,61.11,,2021-06-01 00:00:00,,
2021,6,Paraguay,10561.0,57174.691,410.911,49.07,,2021-06-01 00:00:00,,
2021,6,Peru,188100.0,58680.769,105.405,62.96,,2021-06-01 00:00:00,,
2021,6,United States,596458.0,97855.725,41.854,58.84,42.302499999999995,2021-06-01 00:00:00,,
2021,6,Uruguay,4906.0,97430.288,987.413,56.48,,2021-06-01 00:00:00,,
2021,7,Argentina,109538.0,106372.875,277.325,75.0,,2021-07-01 00:00:00,,
2021,7,Bolivia,17406.0,37697.456,76.254,56.48,,2021-07-01 00:00:00,,
2021,7,Brazil,540398.0,89674.399,215.191,56.94,,2021-07-01 00:00:00,,
2021,7,Canada,26225.0,36995.602,18.735,65.41,,2021-07-01 00:00:00,,
2021,7,Chile,34403.0,81539.611,100.163,72.81,81.209,2021-07-01 00:00:00,,
2021,7,Colombia,115333.0,88702.096,287.507,53.7,,2021-07-01 00:00:00,,
2021,7,Costa Rica,4874.0,75238.436,242.928,54.63,,2021-07-01 00:00:00,,
2021,7,Dominican Republic,3915.0,30025.147,52.085,60.19,,2021-07-01 00:00:00,,
2021,7,Ecuador,21933.0,26399.364,57.449,57.08,,2021-07-01 00:00:00,,
2021,7,Guatemala,9898.0,18668.886,117.879,52.78,,2021-07-01 00:00:00,,
2021,7,Honduras,7427.0,26767.066,89.374,93.52,,2021-07-01 00:00:00,,
2021,7,Jamaica,1153.0,18054.158,34.358,66.67,,2021-07-01 00:00:00,,
2021,7,Mexico,242896.0,21170.547,87.969,44.44,,2021-07-01 00:00:00,,
2021,7,Nicaragua,193.0,1013.759,3.989,5.56,,2021-07-01 00:00:00,,
2021,7,Panama,6688.0,95476.505,229.131,70.37,,2021-07-01 00:00:00,,
2021,7,Paraguay,14178.0,65387.8,165.511,49.07,,2021-07-01 00:00:00,,
2021,7,Peru,194935.0,61386.205,67.083,62.96,,2021-07-01 00:00:00,,
2021,7,United States,605478.0,100144.856,151.614,46.73,65.314,2021-07-01 00:00:00,,
2021,7,Uruguay,5871.0,110576.266,107.598,59.26,,2021-07-01 00:00:00,,
2021,8,Argentina,114160.0,113367.244,148.331,74.54,,2021-08-01 00:00:00,,
2021,8,Bolivia,18152.0,39400.074,50.194,56.48,,2021-08-01 00:00:00,,
2021,8,Brazil,567862.0,94369.371,138.734,51.39,,2021-08-01 00:00:00,,
2021,8,Canada,26428.0,37703.194,45.137,61.01,,2021-08-01 00:00:00,,
2021,8,Chile,36331.0,83060.341,35.416,58.49,37.391,2021-08-01 00:00:00,,
2021,8,Colombia,123221.0,93700.493,64.194,46.3,,2021-08-01 00:00:00,,
2021,8,Costa Rica,5211.0,82669.09,320.356,54.63,,2021-08-01 00:00:00,,
2021,8,Dominican Republic,3976.0,30810.002,23.015,58.33,,2021-08-01 00:00:00,,
2021,8,Ecuador,31954.0,27488.414,23.713,62.15,,2021-08-01 00:00:00,,
2021,8,Guatemala,11085.0,23074.03,177.9,52.78,,2021-08-01 00:00:00,,
2021,8,Honduras,8373.0,30311.445,120.841,91.67,,2021-08-01 00:00:00,,
2021,8,Jamaica,1285.0,20262.207,141.928,66.67,,2021-08-01 00:00:00,,
2021,8,Mexico,257328.0,25003.592,135.439,67.13,,2021-08-01 00:00:00,,
2021,8,Nicaragua,197.0,1179.121,6.23,8.33,,2021-08-01 00:00:00,,
2021,8,Panama,6939.0,101259.09,158.263,67.59,,2021-08-01 00:00:00,,
2021,8,Paraguay,15402.0,67320.626,20.815,49.07,,2021-08-01 00:00:00,,
2021,8,Peru,197279.0,62595.089,36.606,62.96,,2021-08-01 00:00:00,,
2021,8,United States,620579.0,107640.301,374.347,53.63,238.695,2021-08-01 00:00:00,,
2021,8,Uruguay,5998.0,111926.332,33.473,55.56,,2021-08-01 00:00:00,,
2021,9,Argentina,115381.0,115246.356,44.64,73.765,,2021-09-01 00:00:00,,
2021,9,Bolivia,18371.0,39997.418,23.794,44.91,,2021-09-01 00:00:00,,
2021,9,Brazil,578326.0,96157.025,116.645,56.39,,2021-09-01 00:00:00,,
2021,9,Canada,26621.0,38654.583,110.041,65.07499999999999,,2021-09-01 00:00:00,,
2021,9,Chile,36841.0,83516.428,29.083,58.13,16.8595,2021-09-01 00:00:00,,
2021,9,Colombia,124648.0,94482.021,30.065,46.3,,2021-09-01 00:00:00,,
2021,9,Costa Rica,5431.0,87974.991,417.39,54.63,,2021-09-01 00:00:00,,
2021,9,Dominican Republic,4007.0,31135.949,24.707,65.74,,2021-09-01 00:00:00,,
2021,9,Ecuador,32223.0,27834.506,12.166,60.88,,2021-09-01 00:00:00,,
2021,9,Guatemala,11818.0,25989.421,153.57,66.2,,2021-09-01 00:00:00,,
2021,9,Honduras,8832.0,32148.238,82.117,82.41,,2021-09-01 00:00:00,,
2021,9,Jamaica,1483.0,23249.069,162.796,83.33,,2021-09-01 00:00:00,,
2021,9,Mexico,268395.0,26759.598,64.94,38.89,,2021-09-01 00:00:00,,
2021,9,Nicaragua,199.0,1276.122,7.628,8.33,,2021-09-01 00:00:00,,
2021,9,Panama,7039.0,103327.328,70.836,74.54,,2021-09-01 00:00:00,,
2021,9,Paraguay,15685.0,67577.973,7.858,45.37,,2021-09-01 00:00:00,,
2021,9,Peru,198115.0,63063.465,26.126,60.19,,2021-09-01 00:00:00,,
2021,9,United States,638817.0,113891.91,359.917,52.375,227.596,2021-09-01 00:00:00,,
2021,9,Uruguay,6026.0,112344.119,36.061,55.56,,2021-09-01 00:00:00,,
2021,10,Argentina,116605.0,117212.767,22.645,40.74,,2021-10-01 00:00:00,,
2021,10,Bolivia,18789.0,41183.516,31.764,46.3,,2021-10-01 00:00:00,,
2021,10,Brazil,600425.0,100090.006,55.976,55.23,,2021-10-01 00:00:00,,
2021,10,Canada,27904.0,43047.534,79.805,64.82,,2021-10-01 00:00:00,,
2021,10,Chile,37554.0,84747.622,57.321,38.47,26.883,2021-10-01 00:00:00,,
2021,10,Colombia,126552.0,95792.272,26.322,46.3,,2021-10-01 00:00:00,,
2021,10,Costa Rica,6612.0,105006.412,196.411,52.06,,2021-10-01 00:00:00,,
2021,10,Dominican Republic,4067.0,32511.249,61.144,58.93,,2021-10-01 00:00:00,,
2021,10,Ecuador,32847.0,28437.195,11.142,49.84,,2021-10-01 00:00:00,,
2021,10,Guatemala,13986.0,32437.334,71.077,49.54,,2021-10-01 00:00:00,,
2021,10,Honduras,9949.0,35371.899,26.962,76.9,,2021-10-01 00:00:00,,
2021,10,Jamaica,1995.0,30383.231,67.048,83.33,,2021-10-01 00:00:00,,
2021,10,Mexico,290677.0,29594.071,34.799,38.89,,2021-10-01 00:00:00,,
2021,10,Nicaragua,205.0,1689.455,8.841,8.33,,2021-10-01 00:00:00,,
2021,10,Panama,7260.0,106324.437,40.765,55.56,,2021-10-01 00:00:00,,
2021,10,Paraguay,16206.0,67864.372,3.666,38.89,,2021-10-01 00:00:00,,
2021,10,Peru,199615.0,64113.111,24.091,60.19,,2021-10-01 00:00:00,,
2021,10,United States,714261.0,130133.134,245.874,52.22,133.371,2021-10-01 00:00:00,,
2021,10,Uruguay,6062.0,113888.47,39.441,55.56,,2021-10-01 00:00:00,,
2021,11,Argentina,116969.0,118155.234,32.165,40.14,,2021-11-01 00:00:00,,
2021,11,Bolivia,19004.0,42745.838,68.682,29.185000000000002,,2021-11-01 00:00:00,,
2021,11,Brazil,610491.0,101894.194,50.914,45.085,,2021-11-01 00:00:00,,
2021,11,Canada,29022.0,45387.583,65.629,64.41499999999999,,2021-11-01 00:00:00,,
2021,11,Chile,37951.0,87928.546,124.656,32.175,43.971000000000004,2021-11-01 00:00:00,,
2021,11,Colombia,127721.0,96904.409,44.063,46.47,,2021-11-01 00:00:00,,
2021,11,Costa Rica,7197.0,108893.43,50.819,51.38,,2021-11-01 00:00:00,,
2021,11,Dominican Republic,4166.0,35142.425,92.95,47.425,,2021-11-01 00:00:00,,
2021,11,Ecuador,33070.0,28958.332,20.38,46.97,,2021-11-01 00:00:00,,
2021,11,Guatemala,15675.0,34136.905,36.643,46.76,,2021-11-01 00:00:00,,
2021,11,Honduras,10353.0,36132.669,9.393,65.02,,2021-11-01 00:00:00,,
2021,11,Jamaica,2322.0,31884.266,28.396,75.93,,2021-11-01 00:00:00,,
2021,11,Mexico,297862.0,30528.739,22.409,38.89,,2021-11-01 00:00:00,,
2021,11,Nicaragua,210.0,1892.523,2.118,8.33,,2021-11-01 00:00:00,,
2021,11,Panama,7341.0,107569.962,43.616,56.48,,2021-11-01 00:00:00,,
2021,11,Paraguay,16334.0,68114.197,12.43,40.74,,2021-11-01 00:00:00,,
2021,11,Peru,200573.0,64979.171,36.25,60.425,,2021-11-01 00:00:00,,
2021,11,United States,759665.0,138068.213,250.163,51.52,114.5675,2021-11-01 00:00:00,,
2021,11,Uruguay,6099.0,115746.016,57.347,31.48,,2021-11-01 00:00:00,,
2021,12,Argentina,117434.0,119430.593,118.658,37.06,,2021-12-01 00:00:00,,
2021,12,Bolivia,19305.0,45117.053,129.977,25.84,,2021-12-01 00:00:00,,
2021,12,Brazil,616691.0,103034.987,16.054,61.57,,2021-12-01 00:00:00,,
2021,12,Canada,29610.0,47530.541,148.395,59.66,,2021-12-01 00:00:00,,
2021,12,Chile,38646.0,90861.609,67.749,31.56,33.157,2021-12-01 00:00:00,,
2021,12,Colombia,129011.0,98116.441,37.382,49.45,,2021-12-01 00:00:00,,
2021,12,Costa Rica,7332.0,109633.851,27.161,45.47,,2021-12-01 00:00:00,,
2021,12,Dominican Republic,4218.0,36520.931,23.435,47.13,,2021-12-01 00:00:00,,
2021,12,Ecuador,33548.0,29577.798,29.356,46.8,,2021-12-01 00:00:00,,
2021,12,Guatemala,16029.0,34849.081,12.85,57.87,,2021-12-01 00:00:00,,
2021,12,Honduras,10421.0,36285.455,3.683,64.83,,2021-12-01 00:00:00,,
2021,12,Jamaica,2424.0,32441.672,17.027,77.78,,2021-12-01 00:00:00,,
2021,12,Mexico,301597.0,31095.842,21.679,35.19,,2021-12-01 00:00:00,,
2021,12,Nicaragua,214.0,1935.555,0.905,8.33,,2021-12-01 00:00:00,,
2021,12,Panama,7382.0,108898.961,83.83,42.44,,2021-12-01 00:00:00,,
2021,12,Paraguay,16500.0,68377.442,12.725,40.74,,2021-12-01 00:00:00,,
2021,12,Peru,201650.0,66110.257,45.547,55.38,,2021-12-01 00:00:00,,
2021,12,United States,792521.0,146508.478,379.687,48.52,164.359,2021-12-01 00:00:00,,
2021,12,Uruguay,6141.0,117491.373,73.04,28.7,,2021-12-01 00:00:00,,
2022,1,Argentina,123526.0,175083.746,1357.004,27.56,,2022-01-01 00:00:00,,
2022,1,Bolivia,20570.0,65827.02,433.336,28.51,,2022-01-01 00:00:00,,
2022,1,Brazil,622563.0,110312.552,316.469,38.57,,2022-01-01 00:00:00,,
2022,1,Canada,32001.0,75206.645,460.669,71.8,,2022-01-01 00:00:00,,
2022,1,Chile,39497.0,99454.257,303.761,29.86,49.939,2022-01-01 00:00:00,,
2022,1,Colombia,131824.0,109612.945,416.787,48.68,,2022-01-01 00:00:00,,
2022,1,Costa Rica,7451.0,124206.981,698.591,50.74,,2022-01-01 00:00:00,,
2022,1,Dominican Republic,4285.0,47802.614,204.372,47.01,,2022-01-01 00:00:00,,
2022,1,Ecuador,34287.0,36923.722,330.593,53.22,,2022-01-01 00:00:00,,
2022,1,Guatemala,16245.0,37324.603,106.751,49.98,,2022-01-01 00:00:00,,
2022,1,Honduras,10469.0,37231.984,38.655,53.37,,2022-01-01 00:00:00,,
2022,1,Jamaica,2572.0,41991.85,248.337,73.49,,2022-01-01 00:00:00,,
2022,1,Mexico,308714.0,39742.237,316.773,39.05,,2022-01-01 00:00:00,,
2022,1,Nicaragua,219.0,1963.907,0.493,8.33,,2022-01-01 00:00:00,,
2022,1,Panama,7574.0,142197.65,1336.063,31.16,,2022-01-01 00:00:00,,
2022,1,Paraguay,16935.0,77967.539,414.978,35.19,,2022-01-01 00:00:00,,
2022,1,Peru,203994.0,83393.638,714.248,53.76,,2022-01-01 00:00:00,,
2022,1,United States,864137.0,206827.414,1600.176,47.51,415.67,2022-01-01 00:00:00,,
2022,1,Uruguay,6284.0,166249.172,2235.599,25.93,,2022-01-01 00:00:00,,
2022,2,Argentina,127354.0,192306.168,326.30100000000004,26.825,,2022-02-01 00:00:00,,
2022,2,Bolivia,21284.0,72265.524,114.63900000000001,28.384999999999998,,2022-02-01 00:00:00,,
2022,2,Brazil,637152.0,126724.56,513.108,37.974999999999994,,2022-02-01 00:00:00,,
2022,2,Canada,34916.0,82717.321,230.2825,66.045,,2022-02-01 00:00:00,,
2022,2,Chile,40464.0,131757.232,1576.5794999999998,29.450000000000003,163.872,2022-02-01 00:00:00,,
2022,2,Colombia,136764.0,115818.864,96.88,47.365,,2022-02-01 00:00:00,,
2022,2,Costa Rica,7772.0,146133.365,726.413,43.21,,2022-02-01 00:00:00,,
2022,2,Dominican Republic,4343.0,50675.311,54.5025,46.845,,2022-02-01 00:00:00,,
2022,2,Ecuador,35006.0,44098.656,172.625,41.855000000000004,,2022-02-01 00:00:00,,
2022,2,Guatemala,16611.0,40909.018,184.773,59.0,,2022-02-01 00:00:00,,
2022,2,Honduras,10608.0,38797.039,50.726,42.25,,2022-02-01 00:00:00,,
2022,2,Jamaica,2738.0,44877.558,41.810500000000005,73.445,,2022-02-01 00:00:00,,
2022,2,Mexico,319526.0,43943.262,68.99,36.620000000000005,,2022-02-01 00:00:00,,
2022,2,Nicaragua,222.0,1984.919,1.378,8.33,,2022-02-01 00:00:00,,
2022,2,Panama,7926.0,167802.255,306.351,30.99,,2022-02-01 00:00:00,,
2022,2,Paraguay,17844.0,91539.794,274.411,35.19,,2022-02-01 00:00:00,,
2022,2,Peru,207965.0,100585.476,238.551,45.66,,2022-02-01 00:00:00,,
2022,2,United States,918744.0,228111.185,407.5685,45.48,191.148,2022-02-01 00:00:00,,
2022,2,Uruguay,6729.0,223781.961,1755.123,19.33,,2022-02-01 00:00:00,,
2022,3,Argentina,128266.0,197800.064,106.817,22.74,,2022-03-01 00:00:00,,
2022,3,Bolivia,21482.0,73600.181,27.346,28.33,,2022-03-01 00:00:00,,
2022,3,Brazil,656798.0,137349.081,219.822,34.75,,2022-03-01 00:00:00,,
2022,3,Canada,37150.0,88256.256,156.665,38.92,,2022-03-01 00:00:00,,
2022,3,Chile,44440.0,172501.864,765.51,28.86,74.425,2022-03-01 00:00:00,,
2022,3,Colombia,139415.0,117205.011,17.16,39.45,,2022-03-01 00:00:00,,
2022,3,Costa Rica,8226.0,160089.993,230.299,40.27,,2022-03-01 00:00:00,,
2022,3,Dominican Republic,4375.0,51413.857,12.086,8.33,,2022-03-01 00:00:00,,
2022,3,Ecuador,35393.0,47409.083,78.964,39.05,,2022-03-01 00:00:00,,
2022,3,Guatemala,17206.0,45624.015,107.199,39.81,,2022-03-01 00:00:00,,
2022,3,Honduras,10857.0,40094.478,31.781,42.13,,2022-03-01 00:00:00,,
2022,3,Jamaica,2863.0,45448.404,10.712,60.19,,2022-03-01 00:00:00,,
2022,3,Mexico,325293.0,45075.485,15.763,36.6,,2022-03-01 00:00:00,,
2022,3,Nicaragua,228.0,2039.32,1.501,8.33,,2022-03-01 00:00:00,,
2022,3,Panama,8153.0,172618.769,70.091,20.19,,2022-03-01 00:00:00,,
2022,3,Paraguay,18571.0,95394.09,48.73,29.73,,2022-03-01 00:00:00,,
2022,3,Peru,211751.0,103969.188,42.723,36.38,,2022-03-01 00:00:00,,
2022,3,United States,968691.0,233851.851,98.957,37.09,47.702,2022-03-01 00:00:00,,
2022,3,Uruguay,7127.0,255036.526,454.182,9.82,,2022-03-01 00:00:00,,
2022,4,Argentina,128443.0,199071.6215,44.787499999999994,19.13,,2022-04-01 00:00:00,,
2022,4,Bolivia,21904.5,73956.2805,6.802,28.3,,2022-04-01 00:00:00,,
2022,4,Brazil,662232.0,140692.52000000002,60.639,29.52,,2022-04-01 00:00:00,,
2022,4,Canada,38527.0,95168.1825,156.665,21.47,,2022-04-01 00:00:00,,
2022,4,Chile,57303.0,180401.55699999997,146.255,25.7,21.679499999999997,2022-04-01 00:00:00,,
2022,4,Colombia,139753.0,117401.5635,5.337,41.745000000000005,,2022-04-01 00:00:00,,
2022,4,Costa Rica,8374.0,163479.9865,73.292,11.11,,2022-04-01 00:00:00,,
2022,4,Dominican Republic,4375.5,51555.9025,4.249,8.33,,2022-04-01 00:00:00,,
2022,4,Ecuador,35554.0,48185.4565,20.975,29.47,,2022-04-01 00:00:00,,
2022,4,Guatemala,17459.0,47038.951,31.736,39.81,,2022-04-01 00:00:00,,
2022,4,Honduras,10892.0,40458.904,12.132,36.385,,2022-04-01 00:00:00,,
2022,4,Jamaica,2934.5,45747.621,10.661,17.13,,2022-04-01 00:00:00,,
2022,4,Mexico,325878.0,45258.4435,4.309,25.68,,2022-04-01 00:00:00,,
2022,4,Nicaragua,232.5,2065.9444999999996,0.658,13.89,,2022-04-01 00:00:00,,
2022,4,Panama,8180.0,174599.79200000002,82.145,19.88,,2022-04-01 00:00:00,,
2022,4,Paraguay,18790.5,95691.255,7.416,29.68,,2022-04-01 00:00:00,,
2022,4,Peru,212660.0,104465.464,19.61,33.615,,2022-04-01 00:00:00,,
2022,4,United States,985665.5,236770.7225,126.992,29.82,32.3615,2022-04-01 00:00:00,,
2022,4,Uruguay,7198.0,261966.825,100.837,13.89,,2022-04-01 00:00:00,,
2022,5,Argentina,128825.0,201685.995,136.506,19.03,,2022-05-01 00:00:00,,
2022,5,Bolivia,21943.0,74198.67,13.942,24.07,,2022-05-01 00:00:00,,
2022,5,Brazil,665493.0,142872.66,80.169,29.25,,2022-05-01 00:00:00,,
2022,5,Canada,40664.0,99970.88,68.356,21.39,,2022-05-01 00:00:00,,
2022,5,Chile,57794.0,185525.504,263.048,27.15,24.536,2022-05-01 00:00:00,,
2022,5,Colombia,139833.0,117575.427,10.451,19.44,,2022-05-01 00:00:00,,
2022,5,Costa Rica,8472.0,169380.579,313.49,11.11,,2022-05-01 00:00:00,,
2022,5,Dominican Republic,4377.0,51764.117,10.661,5.56,,2022-05-01 00:00:00,,
2022,5,Ecuador,35613.0,48531.132,12.777,23.68,,2022-05-01 00:00:00,,
2022,5,Guatemala,17923.0,47960.442,28.093,46.76,,2022-05-01 00:00:00,,
2022,5,Honduras,10896.0,40723.165,4.902,30.78,,2022-05-01 00:00:00,,
2022,5,Jamaica,3028.0,47498.711,100.093,11.11,,2022-05-01 00:00:00,,
2022,5,Mexico,326070.0,45441.567,8.683,25.67,,2022-05-01 00:00:00,,
2022,5,Nicaragua,237.0,2082.927,0.535,13.89,,2022-05-01 00:00:00,,
2022,5,Panama,8216.0,187116.175,694.133,18.87,,2022-05-01 00:00:00,,
2022,5,Paraguay,18885.0,95901.409,7.458,26.85,,2022-05-01 00:00:00,,
2022,5,Peru,213086.0,104990.287,14.097,33.11,,2022-05-01 00:00:00,,
2022,5,United States,995817.0,243670.183,285.312,26.5,67.537,2022-05-01 00:00:00,,
2022,5,Uruguay,7227.0,267730.826,346.834,13.89,,2022-05-01 00:00:00,,
2022,6,Argentina,129016.0,205260.943,88.015,18.99,,2022-06-01 00:00:00,,
2022,6,Bolivia,21951.0,74790.86,30.584,25.46,,2022-06-01 00:00:00,,
2022,6,Brazil,668916.0,147103.523,169.875,27.494999999999997,,2022-06-01 00:00:00,,
2022,6,Canada,41017.0,101827.836,82.2425,18.8,,2022-06-01 00:00:00,,
2022,6,Chile,58226.0,198045.158,506.616,27.035,49.735,2022-06-01 00:00:00,,
2022,6,Colombia,139918.0,118202.832,38.032,19.44,,2022-06-01 00:00:00,,
2022,6,Costa Rica,8533.0,180748.049,456.462,11.11,,2022-06-01 00:00:00,,
2022,6,Dominican Republic,4382.0,53138.437,72.161,5.56,,2022-06-01 00:00:00,,
2022,6,Ecuador,35684.0,49722.677,52.457,32.785,,2022-06-01 00:00:00,,
2022,6,Guatemala,18371.0,49226.924,70.1,43.06,,2022-06-01 00:00:00,,
2022,6,Honduras,10903.0,40825.822,3.766,30.49,,2022-06-01 00:00:00,,
2022,6,Jamaica,3094.0,50033.565,52.3705,11.11,,2022-06-01 00:00:00,,
2022,6,Mexico,326256.0,46394.25,61.973,25.67,,2022-06-01 00:00:00,,
2022,6,Nicaragua,241.0,2103.939,0.792,13.89,,2022-06-01 00:00:00,,
2022,6,Panama,8318.0,204222.809,400.37149999999997,20.85,,2022-06-01 00:00:00,,
2022,6,Paraguay,18947.0,96365.222,29.158,13.89,,2022-06-01 00:00:00,,
2022,6,Peru,213374.0,105621.748,32.222,32.805,,2022-06-01 00:00:00,,
2022,6,United States,1004911.0,252034.746,283.888,31.994999999999997,92.174,2022-06-01 00:00:00,,
2022,6,Uruguay,7312.0,278119.993,336.859,13.89,,2022-06-01 00:00:00,,
2022,7,Argentina,129278.0,208910.005,124.48,18.97,,2022-07-01 00:00:00,,
2022,7,Bolivia,22013.0,81610.414,167.374,28.7,,2022-07-01 00:00:00,,
2022,7,Brazil,676486.0,155613.681,169.593,27.32,,2022-07-01 00:00:00,,
2022,7,Canada,41868.0,104840.995,102.374,16.75,,2022-07-01 00:00:00,,
2022,7,Chile,59303.0,213098.003,398.605,26.96,54.122,2022-07-01 00:00:00,,
2022,7,Colombia,140603.0,120438.575,54.244,19.44,,2022-07-01 00:00:00,,
2022,7,Costa Rica,8690.0,198495.957,474.827,11.11,,2022-07-01 00:00:00,,
2022,7,Dominican Republic,4383.0,55752.069,52.085,5.56,,2022-07-01 00:00:00,,
2022,7,Ecuador,35786.0,52579.684,92.344,23.47,,2022-07-01 00:00:00,,
2022,7,Guatemala,18881.0,56283.111,131.105,39.35,,2022-07-01 00:00:00,,
2022,7,Honduras,10930.0,41675.637,31.371,30.4,,2022-07-01 00:00:00,,
2022,7,Jamaica,3181.0,51459.973,38.653,11.11,,2022-07-01 00:00:00,,
2022,7,Mexico,328041.0,53011.26,108.978,33.33,,2022-07-01 00:00:00,,
2022,7,Nicaragua,244.0,2126.678,0.0,13.89,,2022-07-01 00:00:00,,
2022,7,Panama,8412.0,215142.42,207.064,17.59,,2022-07-01 00:00:00,,
2022,7,Paraguay,19147.0,103389.819,79.658,13.89,,2022-07-01 00:00:00,,
2022,7,Peru,213953.0,112095.453,234.947,28.54,,2022-07-01 00:00:00,,
2022,7,United States,1018480.0,263930.172,332.788,30.75,129.821,2022-07-01 00:00:00,,
2022,7,Uruguay,7403.0,283336.489,83.265,13.89,,2022-07-01 00:00:00,,
2022,8,Argentina,129566.0,211682.343,77.405,17.19,,2022-08-01 00:00:00,,
2022,8,Bolivia,22120.0,88089.411,171.242,25.0,,2022-08-01 00:00:00,,
2022,8,Brazil,681253.0,158597.256,77.035,23.93,,2022-08-01 00:00:00,,
2022,8,Canada,42768.0,107125.783,95.445,19.5,,2022-08-01 00:00:00,,
2022,8,Chile,59961.0,222901.696,458.222,26.9,45.348,2022-08-01 00:00:00,,
2022,8,Colombia,141287.0,121185.731,18.556,19.44,,2022-08-01 00:00:00,,
2022,8,Costa Rica,8800.0,206368.625,294.023,11.11,,2022-08-01 00:00:00,,
2022,8,Dominican Republic,4384.0,56538.972,21.246,5.56,,2022-08-01 00:00:00,,
2022,8,Ecuador,35811.0,54603.96,36.855,14.5,,2022-08-01 00:00:00,,
2022,8,Guatemala,19205.0,59982.692,118.424,36.57,,2022-08-01 00:00:00,,
2022,8,Honduras,10954.0,42880.388,41.462,30.35,,2022-08-01 00:00:00,,
2022,8,Jamaica,3221.0,52312.705,41.886,11.11,,2022-08-01 00:00:00,,
2022,8,Mexico,329698.0,55018.685,37.247,33.33,,2022-08-01 00:00:00,,
2022,8,Nicaragua,244.0,2140.35,0.617,13.89,,2022-08-01 00:00:00,,
2022,8,Panama,8444.0,219294.776,195.106,17.59,,2022-08-01 00:00:00,,
2022,8,Paraguay,19357.0,105136.972,30.191,13.89,,2022-08-01 00:00:00,,
2022,8,Peru,214890.0,117881.926,199.398,28.48,,2022-08-01 00:00:00,,
2022,8,United States,1028296.0,271135.981,272.347,30.73,122.123,2022-08-01 00:00:00,,
2022,8,Uruguay,7429.0,284931.968,80.344,13.89,,2022-08-01 00:00:00,,
2022,9,Argentina,129855.0,213224.982,14.069,14.4,,2022-09-01 00:00:00,,
2022,9,Bolivia,22227.0,90562.719,8.566,24.07,,2022-09-01 00:00:00,,
2022,9,Brazil,685300.0,160598.775,30.084,22.22,,2022-09-01 00:00:00,,
2022,9,Canada,44109.0,109811.515,65.228,19.49,,2022-09-01 00:00:00,,
2022,9,Chile,60923.0,233815.33,156.129,26.85,33.1315,2022-09-01 00:00:00,,
2022,9,Colombia,141746.0,121555.28,2.726,19.44,,2022-09-01 00:00:00,,
2022,9,Costa Rica,8933.0,214631.191,165.996,11.11,,2022-09-01 00:00:00,,
2022,9,Dominican Republic,4384.0,57353.84,17.213,5.56,,2022-09-01 00:00:00,,
2022,9,Ecuador,35885.0,55619.015,14.698,14.49,,2022-09-01 00:00:00,,
2022,9,Guatemala,19702.0,62475.251,34.009,36.57,,2022-09-01 00:00:00,,
2022,9,Honduras,10992.0,43692.342,6.847,26.58,,2022-09-01 00:00:00,,
2022,9,Jamaica,3290.0,53484.46,18.846,11.11,,2022-09-01 00:00:00,,
2022,9,Mexico,330583.0,55743.03,8.597,13.89,,2022-09-01 00:00:00,,
2022,9,Nicaragua,244.0,2157.333,0.452,13.89,,2022-09-01 00:00:00,,
2022,9,Panama,8490.0,223612.49,34.089,14.81,,2022-09-01 00:00:00,,
2022,9,Paraguay,19564.0,105594.444,4.277,13.89,,2022-09-01 00:00:00,,
2022,9,Peru,216264.0,121327.077,32.314,28.44,,2022-09-01 00:00:00,,
2022,9,United States,1043362.0,279093.734,155.71,24.18,89.32400000000001,2022-09-01 00:00:00,,
2022,9,Uruguay,7473.0,287528.675,53.006,13.89,,2022-09-01 00:00:00,,
2022,10,Argentina,129970.0,213478.243,6.535,14.39,,2022-10-01 00:00:00,,
2022,10,Bolivia,22237.0,90718.068,3.506,24.07,,2022-10-01 00:00:00,,
2022,10,Brazil,687144.0,161376.139,22.678,22.22,,2022-10-01 00:00:00,,
2022,10,Canada,45061.0,111794.308,79.701,5.56,,2022-10-01 00:00:00,,
2022,10,Chile,61412.0,238442.968,251.388,14.3,29.331,2022-10-01 00:00:00,,
2022,10,Colombia,141820.0,121613.035,1.68,19.44,,2022-10-01 00:00:00,,
2022,10,Costa Rica,8982.0,218221.152,81.785,11.11,,2022-10-01 00:00:00,,
2022,10,Dominican Republic,4384.0,57637.841,3.88,5.56,,2022-10-01 00:00:00,,
2022,10,Ecuador,35894.0,55936.997,5.27,14.49,,2022-10-01 00:00:00,,
2022,10,Guatemala,19848.0,63477.777,31.84,36.57,,2022-10-01 00:00:00,,
2022,10,Honduras,11007.0,43792.986,3.04,23.15,,2022-10-01 00:00:00,,
2022,10,Jamaica,3349.0,53843.45,6.821,11.11,,2022-10-01 00:00:00,,
2022,10,Mexico,330768.0,55896.884,3.212,13.89,,2022-10-01 00:00:00,,
2022,10,Nicaragua,245.0,2176.042,0.576,13.89,,2022-10-01 00:00:00,,
2022,10,Panama,8506.0,224336.306,23.493,9.26,,2022-10-01 00:00:00,,
2022,10,Paraguay,19596.0,105778.937,6.889,13.89,,2022-10-01 00:00:00,,
2022,10,Peru,216855.0,121884.617,7.963,23.15,,2022-10-01 00:00:00,,
2022,10,United States,1053883.0,282705.497,107.75,24.12,69.748,2022-10-01 00:00:00,,
2022,10,Uruguay,7510.0,288806.87,45.994,13.89,,2022-10-01 00:00:00,,
2022,11,Argentina,130011.0,213615.662,6.925,14.39,,2022-11-01 00:00:00,,
2022,11,Bolivia,22243.0,90784.739,4.756,24.07,,2022-11-01 00:00:00,,
2022,11,Brazil,688656.0,162127.304,60.574,22.22,,2022-11-01 00:00:00,,
2022,11,Canada,46540.0,113931.207,68.493,5.56,,2022-11-01 00:00:00,,
2022,11,Chile,61983.0,246526.376,284.297,13.89,40.170500000000004,2022-11-01 00:00:00,,
2022,11,Colombia,141862.0,121667.032,3.575,19.44,,2022-11-01 00:00:00,,
2022,11,Costa Rica,9019.0,220208.476,75.36,11.11,,2022-11-01 00:00:00,,
2022,11,Dominican Republic,4384.0,57701.16,6.234,5.56,,2022-11-01 00:00:00,,
2022,11,Ecuador,35901.0,56091.6,17.293,11.11,,2022-11-01 00:00:00,,
2022,11,Guatemala,19916.0,64154.703,33.265,36.57,,2022-11-01 00:00:00,,
2022,11,Honduras,11041.0,43842.828,1.7389999999999999,23.15,,2022-11-01 00:00:00,,
2022,11,Jamaica,3399.0,53942.835,3.789,11.11,,2022-11-01 00:00:00,,
2022,11,Mexico,330861.0,55997.242,6.353,13.89,,2022-11-01 00:00:00,,
2022,11,Nicaragua,245.0,2187.987,0.391,13.89,,2022-11-01 00:00:00,,
2022,11,Panama,8515.0,225156.978,100.551,14.81,,2022-11-01 00:00:00,,
2022,11,Paraguay,19608.0,105895.296,3.476,11.11,,2022-11-01 00:00:00,,
2022,11,Peru,217172.0,122461.129,60.584,11.11,,2022-11-01 00:00:00,,
2022,11,United States,1064672.0,285924.899,117.7945,28.75,72.785,2022-11-01 00:00:00,,
2022,11,Uruguay,7529.0,289831.763,38.857,13.89,,2022-11-01 00:00:00,,
2022,12,Argentina,130025.0,213737.151,115.625,14.38,,2022-12-01 00:00:00,,
2022,12,Bolivia,22245.0,90853.865,23.396,24.07,,2022-12-01 00:00:00,,
2022,12,Brazil,689442.0,163248.019,169.063,22.22,,2022-12-01 00:00:00,,
2022,12,Canada,47166.0,114707.999,54.172,5.56,,2022-12-01 00:00:00,,
2022,12,Chile,62357.0,250234.7,193.301,13.89,29.484,2022-12-01 00:00:00,,
2022,12,Colombia,141895.0,121732.768,19.421,19.44,,2022-12-01 00:00:00,,
2022,12,Costa Rica,9038.0,221225.879,111.151,11.11,,2022-12-01 00:00:00,,
2022,12,Dominican Republic,4384.0,57858.612,22.659,5.56,,2022-12-01 00:00:00,,
2022,12,Ecuador,35905.0,56357.474,41.45,11.11,,2022-12-01 00:00:00,,
2022,12,Guatemala,19944.0,64604.548,48.436,36.57,,2022-12-01 00:00:00,,
2022,12,Honduras,11043.0,43901.968,7.052,23.15,,2022-12-01 00:00:00,,
2022,12,Jamaica,3433.0,53980.679,2.779,11.11,,2022-12-01 00:00:00,,
2022,12,Mexico,330916.0,56099.897,29.937,13.89,,2022-12-01 00:00:00,,
2022,12,Nicaragua,245.0,2192.161,0.802,13.89,,2022-12-01 00:00:00,,
2022,12,Panama,8526.0,227320.485,161.73,20.37,,2022-12-01 00:00:00,,
2022,12,Paraguay,19621.0,105912.256,16.349,11.11,,2022-12-01 00:00:00,,
2022,12,Peru,217339.0,123850.779,137.937,11.11,,2022-12-01 00:00:00,,
2022,12,United States,1069493.0,287625.083,188.348,28.72,110.169,2022-12-01 00:00:00,,
2022,12,Uruguay,7537.0,290369.335,206.222,13.89,,2022-12-01 00:00:00,,
2023,1,Argentina,130338.0,220259.803,27.039,0.0,,2023-01-01 00:00:00,,
2023,1,Bolivia,22329.0,96407.805,60.828,0.0,,2023-01-01 00:00:00,,
2023,1,Brazil,695236.0,169975.103,76.245,0.0,,2023-01-01 00:00:00,,
2023,1,Canada,49361.0,117705.008,50.799,0.0,,2023-01-01 00:00:00,,
2023,1,Chile,63496.0,259388.21,122.856,0.0,31.984,2023-01-01 00:00:00,,
2023,1,Colombia,142259.0,122411.373,4.18,0.0,,2023-01-01 00:00:00,,
2023,1,Costa Rica,9123.0,227282.624,133.928,0.0,,2023-01-01 00:00:00,,
2023,1,Dominican Republic,4384.0,58753.541,2.863,0.0,,2023-01-01 00:00:00,,
2023,1,Ecuador,35991.0,58379.084,21.61,0.0,,2023-01-01 00:00:00,,
2023,1,Guatemala,20045.0,68227.128,36.587,0.0,,2023-01-01 00:00:00,,
2023,1,Honduras,11095.0,44976.17,12.159,0.0,,2023-01-01 00:00:00,,
2023,1,Jamaica,3465.0,54102.346,7.124,0.0,,2023-01-01 00:00:00,,
2023,1,Mexico,332109.0,57550.885,28.586,0.0,,2023-01-01 00:00:00,,
2023,1,Nicaragua,245.0,2231.738,0.576,0.0,,2023-01-01 00:00:00,,
2023,1,Panama,8589.0,233243.251,25.567,0.0,,2023-01-01 00:00:00,,
2023,1,Paraguay,19746.0,107566.941,16.412,0.0,,2023-01-01 00:00:00,,
2023,1,Peru,218490.0,131391.34,17.344,0.0,,2023-01-01 00:00:00,,
2023,1,United States,1089627.0,296584.424,130.077,0.0,106.74,2023-01-01 00:00:00,,
2023,1,Uruguay,7597.0,300796.191,84.183,0.0,,2023-01-01 00:00:00,,
2023,2,Argentina,130472.0,220718.205,1.2825,0.0,,2023-02-01 00:00:00,,
2023,2,Bolivia,22374.0,97829.585,6.7955000000000005,0.0,,2023-02-01 00:00:00,,
2023,2,Brazil,700239.0,173043.782,36.005,0.0,,2023-02-01 00:00:00,,
2023,2,Canada,51588.0,120531.218,32.5435,0.0,,2023-02-01 00:00:00,,
2023,2,Chile,61458.0,268537.079,75.627,0.0,20.8885,2023-02-01 00:00:00,,
2023,2,Colombia,142678.0,122649.276,1.6395,0.0,,2023-02-01 00:00:00,,
2023,2,Costa Rica,9326.0,236702.146,103.0035,0.0,,2023-02-01 00:00:00,,
2023,2,Dominican Republic,4384.0,58860.766,0.903,0.0,,2023-02-01 00:00:00,,
2023,2,Ecuador,36017.0,58859.446,3.055,0.0,,2023-02-01 00:00:00,,
2023,2,Guatemala,20187.0,69761.152,16.588,0.0,,2023-02-01 00:00:00,,
2023,2,Honduras,11111.0,45286.44,2.6425,0.0,,2023-02-01 00:00:00,,
2023,2,Jamaica,3529.0,54680.266,7.276,0.0,,2023-02-01 00:00:00,,
2023,2,Mexico,333736.0,59257.544,21.0595,0.0,,2023-02-01 00:00:00,,
2023,2,Nicaragua,245.0,2256.924,0.185,0.0,,2023-02-01 00:00:00,,
2023,2,Panama,8612.0,234492.86,4.1965,0.0,,2023-02-01 00:00:00,,
2023,2,Paraguay,19880.0,108507.104,5.0355,0.0,,2023-02-01 00:00:00,,
2023,2,Peru,219784.0,131951.406,4.565,0.0,,2023-02-01 00:00:00,,
2023,2,United States,1118800.0,304099.937,90.947,0.0,77.929,2023-02-01 00:00:00,,
2023,2,Uruguay,7621.0,302722.979,5.363,0.0,,2023-02-01 00:00:00,,
2023,3,Argentina,130472.0,220718.205,0.0,0.0,,2023-03-01 00:00:00,,
2023,3,Bolivia,22372.0,97800.217,5.341,0.0,,2023-03-01 00:00:00,,
2023,3,Brazil,699917.0,172793.05,21.795,0.0,,2023-03-01 00:00:00,,
2023,3,Canada,51457.0,120327.08,31.005,0.0,,2023-03-01 00:00:00,,
2023,3,Chile,64158.0,267810.024,98.567,0.0,24.638,2023-03-01 00:00:00,,
2023,3,Colombia,142665.0,122639.599,1.413,0.0,,2023-03-01 00:00:00,,
2023,3,Costa Rica,9309.0,235996.855,98.908,0.0,,2023-03-01 00:00:00,,
2023,3,Dominican Republic,4384.0,58860.766,0.28,0.0,,2023-03-01 00:00:00,,
2023,3,Ecuador,36017.0,58830.558,2.254,0.0,,2023-03-01 00:00:00,,
2023,3,Guatemala,20184.0,69618.246,14.339,0.0,,2023-03-01 00:00:00,,
2023,3,Honduras,11111.0,45284.14,0.438,0.0,,2023-03-01 00:00:00,,
2023,3,Jamaica,3528.0,54657.63,2.931,0.0,,2023-03-01 00:00:00,,
2023,3,Mexico,333640.0,59139.014,17.206,0.0,,2023-03-01 00:00:00,,
2023,3,Nicaragua,245.0,2255.917,0.062,0.0,,2023-03-01 00:00:00,,
2023,3,Panama,8612.0,234492.86,8.393,0.0,,2023-03-01 00:00:00,,
2023,3,Paraguay,19880.0,108507.104,0.0,0.0,,2023-03-01 00:00:00,,
2023,3,Peru,219709.0,131889.878,3.151,0.0,,2023-03-01 00:00:00,,
2023,3,United States,1117054.0,303578.615,53.468,0.0,56.118,2023-03-01 00:00:00,,
2023,3,Uruguay,7621.0,302722.979,0.0,0.0,,2023-03-01 00:00:00,,
2023,4,Argentina,130472.0,220718.205,0.0,0.0,,2023-04-01 00:00:00,,
2023,4,Bolivia,22376.0,97906.4,4.71,0.0,,2023-04-01 00:00:00,,
2023,4,Brazil,701215.0,173733.794,25.768,0.0,,2023-04-01 00:00:00,,
2023,4,Canada,52000.0,121050.874,22.4065,0.0,,2023-04-01 00:00:00,,
2023,4,Chile,61421.0,269422.165,20.6085,0.0,13.900500000000001,2023-04-01 00:00:00,,
2023,4,Colombia,142706.0,122682.087,1.294,0.0,,2023-04-01 00:00:00,,
2023,4,Costa Rica,9339.0,236939.753,0.221,0.0,,2023-04-01 00:00:00,,
2023,4,Dominican Republic,4384.0,58867.089,0.2925,0.0,,2023-04-01 00:00:00,,
2023,4,Ecuador,36019.0,58946.719,4.329,0.0,,2023-04-01 00:00:00,,
2023,4,Guatemala,20189.0,69907.364,5.532,0.0,,2023-04-01 00:00:00,,
2023,4,Honduras,11112.0,45292.766,0.1505,0.0,,2023-04-01 00:00:00,,
2023,4,Jamaica,3536.0,54729.074,3.0315,0.0,,2023-04-01 00:00:00,,
2023,4,Mexico,333962.0,59476.188,10.533,0.0,,2023-04-01 00:00:00,,
2023,4,Nicaragua,245.0,2258.219,0.062,0.0,,2023-04-01 00:00:00,,
2023,4,Panama,8618.0,235018.879,22.294,0.0,,2023-04-01 00:00:00,,
2023,4,Paraguay,19880.0,108507.104,0.0,0.0,,2023-04-01 00:00:00,,
2023,4,Peru,220073.0,132141.246,7.1825,0.0,,2023-04-01 00:00:00,,
2023,4,United States,1123017.0,305004.475,39.052,0.0,39.807500000000005,2023-04-01 00:00:00,,
2023,4,Uruguay,7625.0,303229.582,16.653,0.0,,2023-04-01 00:00:00,,
2023,5,Argentina,130472.0,220718.205,0.0,0.0,,2023-05-01 00:00:00,,
2023,5,Bolivia,22382.0,98001.622,3.892,0.0,,2023-05-01 00:00:00,,
2023,5,Brazil,702116.0,174220.011,15.89,0.0,,2023-05-01 00:00:00,,
2023,5,Canada,52411.0,121457.408,18.371,0.0,,2023-05-01 00:00:00,,
2023,5,Chile,61458.0,269647.479,6.937,0.0,,2023-05-01 00:00:00,,
2023,5,Colombia,142727.0,122720.256,1.713,0.0,,2023-05-01 00:00:00,,
2023,5,Costa Rica,9366.0,237519.968,26.609,0.0,,2023-05-01 00:00:00,,
2023,5,Dominican Republic,4384.0,58875.549,0.013,0.0,,2023-05-01 00:00:00,,
2023,5,Ecuador,36019.0,59011.993,3.865,0.0,,2023-05-01 00:00:00,,
2023,5,Guatemala,20199.0,70066.915,6.004,0.0,,2023-05-01 00:00:00,,
2023,5,Honduras,11114.0,45298.613,0.0,0.0,,2023-05-01 00:00:00,,
2023,5,Jamaica,3536.0,54776.468,2.627,0.0,,2023-05-01 00:00:00,,
2023,5,Mexico,334126.0,59671.923,8.324,0.0,,2023-05-01 00:00:00,,
2023,5,Nicaragua,245.0,2261.386,0.123,0.0,,2023-05-01 00:00:00,,
2023,5,Panama,8622.0,235444.866,14.841,0.0,,2023-05-01 00:00:00,,
2023,5,Paraguay,19880.0,108507.104,0.0,0.0,,2023-05-01 00:00:00,,
2023,5,Peru,220516.0,132313.495,5.802,0.0,,2023-05-01 00:00:00,,
2023,5,United States,1127152.0,305763.91,39.383,0.0,26.232,2023-05-01 00:00:00,,
2023,5,Uruguay,7625.0,303229.582,0.0,0.0,,2023-05-01 00:00:00,,
2023,6,Argentina,130472.0,220718.205,0.0,0.0,,2023-06-01 00:00:00,,
2023,6,Bolivia,22382.0,98001.622,0.0,0.0,,2023-06-01 00:00:00,,
2023,6,Brazil,702116.0,174229.643,0.23,0.0,,2023-06-01 00:00:00,,
2023,6,Canada,52411.0,121457.408,0.0,0.0,,2023-06-01 00:00:00,,
2023,6,Chile,61458.0,269647.479,0.0,0.0,,2023-06-01 00:00:00,,
2023,6,Colombia,142727.0,122720.256,0.0,0.0,,2023-06-01 00:00:00,,
2023,6,Costa Rica,9367.0,237532.514,0.193,0.0,,2023-06-01 00:00:00,,
2023,6,Dominican Republic,4384.0,58877.241,0.025,0.0,,2023-06-01 00:00:00,,
2023,6,Ecuador,36019.0,59011.993,0.0,0.0,,2023-06-01 00:00:00,,
2023,6,Guatemala,20199.0,70066.915,0.0,0.0,,2023-06-01 00:00:00,,
2023,6,Honduras,11114.0,45299.668,0.027,0.0,,2023-06-01 00:00:00,,
2023,6,Jamaica,3552.0,54914.405,3.183,0.0,,2023-06-01 00:00:00,,
2023,6,Mexico,334320.0,59812.687,3.036,0.0,,2023-06-01 00:00:00,,
2023,6,Nicaragua,245.0,2261.386,0.0,0.0,,2023-06-01 00:00:00,,
2023,6,Panama,8622.0,235444.866,0.0,0.0,,2023-06-01 00:00:00,,
2023,6,Paraguay,19880.0,108507.104,0.0,0.0,,2023-06-01 00:00:00,,
2023,6,Peru,220516.0,132313.495,0.0,0.0,,2023-06-01 00:00:00,,
2023,6,United States,1131172.0,305763.91,,0.0,20.178,2023-06-01 00:00:00,,
2023,6,Uruguay,7625.0,303229.582,0.0,0.0,,2023-06-01 00:00:00,,
2023,7,Argentina,130472.0,220718.205,0.0,0.0,,2023-07-01 00:00:00,,
2023,7,Bolivia,22382.0,98001.622,0.0,0.0,,2023-07-01 00:00:00,,
2023,7,Brazil,702116.0,174233.108,0.109,0.0,,2023-07-01 00:00:00,,
2023,7,Canada,52411.0,121457.408,0.0,0.0,,2023-07-01 00:00:00,,
2023,7,Chile,61458.0,269647.479,0.0,0.0,,2023-07-01 00:00:00,,
2023,7,Colombia,142727.0,122720.256,0.0,0.0,,2023-07-01 00:00:00,,
2023,7,Costa Rica,9367.0,237538.112,0.11,0.0,,2023-07-01 00:00:00,,
2023,7,Dominican Republic,4384.0,58879.556,0.038,0.0,,2023-07-01 00:00:00,,
2023,7,Ecuador,36019.0,59011.993,0.0,0.0,,2023-07-01 00:00:00,,
2023,7,Guatemala,20199.0,70066.915,0.0,0.0,,2023-07-01 00:00:00,,
2023,7,Honduras,11114.0,45304.652,0.383,0.0,,2023-07-01 00:00:00,,
2023,7,Jamaica,3560.0,55054.464,5.861,0.0,,2023-07-01 00:00:00,,
2023,7,Mexico,334399.0,59881.869,3.899,0.0,,2023-07-01 00:00:00,,
2023,7,Nicaragua,245.0,2261.386,0.0,0.0,,2023-07-01 00:00:00,,
2023,7,Panama,8622.0,235444.866,0.0,0.0,,2023-07-01 00:00:00,,
2023,7,Paraguay,19880.0,108507.104,0.0,0.0,,2023-07-01 00:00:00,,
2023,7,Peru,220516.0,132313.495,0.0,0.0,,2023-07-01 00:00:00,,
2023,7,United States,1132712.0,305763.91,,0.0,21.659,2023-07-01 00:00:00,,
2023,7,Uruguay,7625.0,303229.582,0.0,0.0,,2023-07-01 00:00:00,,
2023,8,Argentina,130472.0,220718.205,0.0,0.0,,2023-08-01 00:00:00,,
2023,8,Bolivia,22382.0,98001.622,0.0,0.0,,2023-08-01 00:00:00,,
2023,8,Brazil,702116.0,174236.675,0.255,0.0,,2023-08-01 00:00:00,,
2023,8,Canada,52433.0,121485.467,7.764,0.0,,2023-08-01 00:00:00,,
2023,8,Chile,61458.0,269647.479,0.0,0.0,,2023-08-01 00:00:00,,
2023,8,Colombia,142727.0,122720.256,0.0,0.0,,2023-08-01 00:00:00,,
2023,8,Costa Rica,9368.0,237539.463,0.0,0.0,,2023-08-01 00:00:00,,
2023,8,Dominican Republic,4384.0,58879.913,0.013,0.0,,2023-08-01 00:00:00,,
2023,8,Ecuador,36019.0,59011.993,0.0,0.0,,2023-08-01 00:00:00,,
2023,8,Guatemala,20199.0,70066.915,0.0,0.0,,2023-08-01 00:00:00,,
2023,8,Honduras,11114.0,45311.457,0.068,0.0,,2023-08-01 00:00:00,,
2023,8,Jamaica,3577.0,55213.622,4.396,0.0,,2023-08-01 00:00:00,,
2023,8,Mexico,334518.0,60029.386,7.587,0.0,,2023-08-01 00:00:00,,
2023,8,Nicaragua,245.0,2261.386,0.0,0.0,,2023-08-01 00:00:00,,
2023,8,Panama,8622.0,235444.866,0.0,0.0,,2023-08-01 00:00:00,,
2023,8,Paraguay,19880.0,108507.104,0.0,0.0,,2023-08-01 00:00:00,,
2023,8,Peru,220516.0,132313.495,0.0,0.0,,2023-08-01 00:00:00,,
2023,8,United States,1135215.0,305763.91,,0.0,42.26,2023-08-01 00:00:00,,
2023,8,Uruguay,7625.0,303229.582,0.0,0.0,,2023-08-01 00:00:00,,
2023,9,Argentina,130472.0,220718.205,0.0,0.0,,2023-09-01 00:00:00,,
2023,9,Bolivia,22382.0,98001.622,0.0,0.0,,2023-09-01 00:00:00,,
2023,9,Brazil,702116.0,174240.716,0.678,0.0,,2023-09-01 00:00:00,,
2023,9,Canada,52480.0,121581.425,12.018,0.0,,2023-09-01 00:00:00,,
2023,9,Chile,61458.0,269647.479,0.0,0.0,,2023-09-01 00:00:00,,
2023,9,Colombia,142727.0,122720.256,0.0,0.0,,2023-09-01 00:00:00,,
2023,9,Costa Rica,9368.0,237539.463,0.0,0.0,,2023-09-01 00:00:00,,
2023,9,Dominican Republic,4384.0,58880.002,0.013,0.0,,2023-09-01 00:00:00,,
2023,9,Ecuador,36019.0,59011.993,0.0,0.0,,2023-09-01 00:00:00,,
2023,9,Guatemala,20199.0,70066.915,0.0,0.0,,2023-09-01 00:00:00,,
2023,9,Honduras,11114.0,45312.032,0.014,0.0,,2023-09-01 00:00:00,,
2023,9,Jamaica,3582.0,55259.954,2.476,0.0,,2023-09-01 00:00:00,,
2023,9,Mexico,334607.0,60144.158,7.947,0.0,,2023-09-01 00:00:00,,
2023,9,Nicaragua,245.0,2261.386,0.0,0.0,,2023-09-01 00:00:00,,
2023,9,Panama,8622.0,235444.866,0.0,0.0,,2023-09-01 00:00:00,,
2023,9,Paraguay,19880.0,108507.104,0.0,0.0,,2023-09-01 00:00:00,,
2023,9,Peru,220516.0,132313.495,0.0,0.0,,2023-09-01 00:00:00,,
2023,9,United States,1137198.0,305763.91,,0.0,60.275000000000006,2023-09-01 00:00:00,,
2023,9,Uruguay,7625.0,303229.582,0.0,0.0,,2023-09-01 00:00:00,,
2023,10,Argentina,130472.0,220718.205,0.0,0.0,,2023-10-01 00:00:00,,
2023,10,Bolivia,22382.0,98001.622,0.0,0.0,,2023-10-01 00:00:00,,
2023,10,Brazil,702116.0,174257.347,0.0,0.0,,2023-10-01 00:00:00,,
2023,10,Canada,52988.0,122254.769,18.055,0.0,,2023-10-01 00:00:00,,
2023,10,Chile,61458.0,269647.479,0.0,0.0,,2023-10-01 00:00:00,,
2023,10,Colombia,142727.0,122720.256,0.0,0.0,,2023-10-01 00:00:00,,
2023,10,Costa Rica,9368.0,237539.463,0.0,0.0,,2023-10-01 00:00:00,,
2023,10,Dominican Republic,4384.0,58882.139,0.0,0.0,,2023-10-01 00:00:00,,
2023,10,Ecuador,36019.0,59011.993,0.0,0.0,,2023-10-01 00:00:00,,
2023,10,Guatemala,20199.0,70066.915,0.0,0.0,,2023-10-01 00:00:00,,
2023,10,Honduras,11114.0,45312.799,0.0,0.0,,2023-10-01 00:00:00,,
2023,10,Jamaica,3590.0,55372.072,0.606,0.0,,2023-10-01 00:00:00,,
2023,10,Mexico,334866.0,60404.566,0.186,0.0,,2023-10-01 00:00:00,,
2023,10,Nicaragua,245.0,2261.386,0.0,0.0,,2023-10-01 00:00:00,,
2023,10,Panama,8622.0,235444.866,0.0,0.0,,2023-10-01 00:00:00,,
2023,10,Paraguay,19880.0,108507.104,0.0,0.0,,2023-10-01 00:00:00,,
2023,10,Peru,220516.0,132313.495,0.0,0.0,,2023-10-01 00:00:00,,
2023,10,United States,1146672.0,305763.91,,0.0,48.417,2023-10-01 00:00:00,,
2023,10,Uruguay,7625.0,303229.582,0.0,0.0,,2023-10-01 00:00:00,,
2023,11,Argentina,130472.0,220718.205,0.0,0.0,,2023-11-01 00:00:00,,
2023,11,Bolivia,22382.0,98001.622,0.0,0.0,,2023-11-01 00:00:00,,
2023,11,Brazil,702116.0,174257.347,0.0,0.0,,2023-11-01 00:00:00,,
2023,11,Canada,53194.0,122509.513,18.337,0.0,,2023-11-01 00:00:00,,
2023,11,Chile,61458.0,269647.479,0.0,0.0,,2023-11-01 00:00:00,,
2023,11,Colombia,142727.0,122720.256,0.0,0.0,,2023-11-01 00:00:00,,
2023,11,Costa Rica,9368.0,237539.463,0.0,0.0,,2023-11-01 00:00:00,,
2023,11,Dominican Republic,4384.0,58882.139,0.013,0.0,,2023-11-01 00:00:00,,
2023,11,Ecuador,36019.0,59011.993,0.0,0.0,,2023-11-01 00:00:00,,
2023,11,Guatemala,20199.0,70066.915,0.0,0.0,,2023-11-01 00:00:00,,
2023,11,Honduras,11114.0,45312.895,0.0,0.0,,2023-11-01 00:00:00,,
2023,11,Jamaica,3591.0,55378.438,0.404,0.0,,2023-11-01 00:00:00,,
2023,11,Mexico,334892.0,60406.644,0.099,0.0,,2023-11-01 00:00:00,,
2023,11,Nicaragua,245.0,2261.386,0.0,0.0,,2023-11-01 00:00:00,,
2023,11,Panama,8622.0,235444.866,0.0,0.0,,2023-11-01 00:00:00,,
2023,11,Paraguay,19880.0,108507.104,0.0,0.0,,2023-11-01 00:00:00,,
2023,11,Peru,220516.0,132313.495,0.0,0.0,,2023-11-01 00:00:00,,
2023,11,United States,1149344.0,305763.91,,0.0,51.287499999999994,2023-11-01 00:00:00,,
2023,11,Uruguay,7625.0,303229.582,0.0,0.0,,2023-11-01 00:00:00,,
2023,12,Argentina,130472.0,220718.205,0.0,0.0,,2023-12-01 00:00:00,,
2023,12,Bolivia,22382.0,98001.622,0.0,0.0,,2023-12-01 00:00:00,,
2023,12,Brazil,702116.0,174257.347,0.0,0.0,,2023-12-01 00:00:00,,
2023,12,Canada,53598.0,123083.441,20.262,0.0,,2023-12-01 00:00:00,,
2023,12,Chile,61458.0,269647.479,0.0,0.0,,2023-12-01 00:00:00,,
2023,12,Colombia,142727.0,122720.256,0.0,0.0,,2023-12-01 00:00:00,,
2023,12,Costa Rica,9368.0,237539.463,0.0,0.0,,2023-12-01 00:00:00,,
2023,12,Dominican Republic,4384.0,58882.406,0.0,0.0,,2023-12-01 00:00:00,,
2023,12,Ecuador,36019.0,59011.993,0.0,0.0,,2023-12-01 00:00:00,,
2023,12,Guatemala,20199.0,70066.915,0.0,0.0,,2023-12-01 00:00:00,,
2023,12,Honduras,11114.0,45312.895,0.014,0.0,,2023-12-01 00:00:00,,
2023,12,Jamaica,3591.0,55390.817,0.556,0.0,,2023-12-01 00:00:00,,
2023,12,Mexico,334930.0,60409.122,0.106,0.0,,2023-12-01 00:00:00,,
2023,12,Nicaragua,245.0,2261.386,0.0,0.0,,2023-12-01 00:00:00,,
2023,12,Panama,8622.0,235444.866,0.0,0.0,,2023-12-01 00:00:00,,
2023,12,Paraguay,19880.0,108507.104,0.0,0.0,,2023-12-01 00:00:00,,
2023,12,Peru,220516.0,132313.495,0.0,0.0,,2023-12-01 00:00:00,,
2023,12,United States,1154797.0,305763.91,,0.0,75.22,2023-12-01 00:00:00,,
2023,12,Uruguay,7625.0,303229.582,0.0,0.0,,2023-12-01 00:00:00,,
2024,1,Argentina,130489.0,220854.196,12.531,0.0,,2024-01-01 00:00:00,,
2024,1,Bolivia,22382.0,98003.258,0.023,0.0,,2024-01-01 00:00:00,,
2024,1,Brazil,702116.0,174257.347,0.0,0.0,,2024-01-01 00:00:00,,
2024,1,Canada,54221.0,124012.387,11.268,0.0,,2024-01-01 00:00:00,,
2024,1,Chile,61494.0,269914.163,20.528,0.0,,2024-01-01 00:00:00,,
2024,1,Colombia,142727.0,122780.672,5.172,0.0,,2024-01-01 00:00:00,,
2024,1,Costa Rica,9368.0,237539.463,0.0,0.0,,2024-01-01 00:00:00,,
2024,1,Dominican Republic,4384.0,58882.406,0.0,0.0,,2024-01-01 00:00:00,,
2024,1,Ecuador,36024.0,59111.376,4.627,0.0,,2024-01-01 00:00:00,,
2024,1,Guatemala,20199.0,70067.083,0.016,0.0,,2024-01-01 00:00:00,,
2024,1,Honduras,11114.0,45314.333,0.068,0.0,,2024-01-01 00:00:00,,
2024,1,Jamaica,3592.0,55413.099,0.808,0.0,,2024-01-01 00:00:00,,
2024,1,Mexico,334958.0,60412.236,0.0,0.0,,2024-01-01 00:00:00,,
2024,1,Nicaragua,245.0,2262.249,0.041,0.0,,2024-01-01 00:00:00,,
2024,1,Panama,8645.0,235648.106,4.083,0.0,,2024-01-01 00:00:00,,
2024,1,Paraguay,19880.0,108507.104,0.0,0.0,,2024-01-01 00:00:00,,
2024,1,Peru,220516.0,132313.495,0.0,0.0,,2024-01-01 00:00:00,,
2024,1,United States,1169102.0,305763.91,,0.0,86.615,2024-01-01 00:00:00,,
2024,1,Uruguay,7625.0,303229.582,0.0,0.0,,2024-01-01 00:00:00,,
2024,2,Argentina,130517.0,221190.581,0.0,0.0,,2024-02-01 00:00:00,,
2024,2,Bolivia,22382.0,98003.667,0.0,0.0,,2024-02-01 00:00:00,,
2024,2,Brazil,702116.0,174257.347,0.0,0.0,,2024-02-01 00:00:00,,
2024,2,Canada,54290.0,124157.104,0.0,0.0,,2024-02-01 00:00:00,,
2024,2,Chile,61542.0,270292.561,0.0,0.0,,2024-02-01 00:00:00,,
2024,2,Colombia,142727.0,122861.348,0.0,0.0,,2024-02-01 00:00:00,,
2024,2,Costa Rica,9368.0,237539.463,0.0,0.0,,2024-02-01 00:00:00,,
2024,2,Dominican Republic,4384.0,58882.406,0.0,0.0,,2024-02-01 00:00:00,,
2024,2,Ecuador,36030.0,59191.483,0.0,0.0,,2024-02-01 00:00:00,,
2024,2,Guatemala,20199.0,70067.699,0.0,0.0,,2024-02-01 00:00:00,,
2024,2,Honduras,11114.0,45315.291,0.0,0.0,,2024-02-01 00:00:00,,
2024,2,Jamaica,3592.0,55426.893,0.0,0.0,,2024-02-01 00:00:00,,
2024,2,Mexico,334958.0,60412.236,0.0,0.0,,2024-02-01 00:00:00,,
2024,2,Nicaragua,245.0,2262.825,0.0,0.0,,2024-02-01 00:00:00,,
2024,2,Panama,8656.0,235738.838,0.0,0.0,,2024-02-01 00:00:00,,
2024,2,Paraguay,19880.0,108507.104,0.0,0.0,,2024-02-01 00:00:00,,
2024,2,Peru,220638.0,132734.704,0.0,0.0,,2024-02-01 00:00:00,,
2024,2,United States,1173373.0,305763.91,,0.0,59.872,2024-02-01 00:00:00,,
2024,2,Uruguay,7625.0,303229.582,0.0,0.0,,2024-02-01 00:00:00,,
2024,3,Argentina,130573.0,221582.58,0.0,0.0,,2024-03-01 00:00:00,,
2024,3,Bolivia,22383.0,98004.322,0.0,0.0,,2024-03-01 00:00:00,,
2024,3,Brazil,702116.0,174257.347,0.0,0.0,,2024-03-01 00:00:00,,
2024,3,Canada,54326.0,124312.015,0.0,0.0,,2024-03-01 00:00:00,,
2024,3,Chile,61629.0,271158.926,0.0,0.0,,2024-03-01 00:00:00,,
2024,3,Colombia,142727.0,122958.063,0.0,0.0,,2024-03-01 00:00:00,,
2024,3,Costa Rica,9368.0,237539.463,0.0,0.0,,2024-03-01 00:00:00,,
2024,3,Dominican Republic,4384.0,58882.406,0.0,0.0,,2024-03-01 00:00:00,,
2024,3,Ecuador,36032.0,59271.423,0.0,0.0,,2024-03-01 00:00:00,,
2024,3,Guatemala,20200.0,70068.036,0.0,0.0,,2024-03-01 00:00:00,,
2024,3,Honduras,11114.0,45315.771,0.0,0.0,,2024-03-01 00:00:00,,
2024,3,Jamaica,3593.0,55446.346,0.0,0.0,,2024-03-01 00:00:00,,
2024,3,Mexico,334958.0,60412.236,0.0,0.0,,2024-03-01 00:00:00,,
2024,3,Nicaragua,245.0,2263.688,0.0,0.0,,2024-03-01 00:00:00,,
2024,3,Panama,8656.0,235751.087,0.0,0.0,,2024-03-01 00:00:00,,
2024,3,Paraguay,19880.0,108507.104,0.0,0.0,,2024-03-01 00:00:00,,
2024,3,Peru,220716.0,132907.805,0.0,0.0,,2024-03-01 00:00:00,,
2024,3,United States,1177223.0,305763.91,,0.0,,2024-03-01 00:00:00,,
2024,3,Uruguay,7625.0,303229.582,0.0,0.0,,2024-03-01 00:00:00,,
2020,1,France,0.0,0.248,0.007,0.0,,2020-01,0.1111863694889228,Europe
2020,2,France,0.0,0.248,0.007,5.56,,2020-02,0.1118469566180141,Europe
2020,3,France,713.0,0.248,0.0,56.94,278.413,2020-03,0.1133883265858937,Europe
2020,4,France,12062.0,0.248,0.0,87.96,222.1845,2020-04,0.1129479351664993,Europe
2020,5,France,17992.0,77.878,1.497,76.85,47.69,2020-05,0.1166912622313495,Europe
2020,6,France,19131.5,231.70800000000003,7.595,72.22,11.679,2020-06,0.1186730236186232,Europe
2020,7,France,19322.0,280.565,6.068,46.3,9.526,2020-07,0.1281414391355973,Europe
2020,8,France,19972.0,1046.148,55.722,48.15,14.864,2020-08,0.1254990906192324,Europe
2020,9,France,20585.0,3747.666,135.795,48.61,41.946,2020-09,0.1125075437471053,Europe
2020,10,France,21573.0,6006.642,160.281,49.54,101.839,2020-10,0.1118469566180141,Europe
2020,11,France,38996.0,28167.664,254.09,78.7,252.3335,2020-11,0.1169114579410467,Europe
2020,12,France,57032.0,33445.21,171.698,63.89,127.911,2020-12,0.1224163506834734,Europe
2021,1,France,76746.0,43301.968,262.7,63.89,143.91,2021-01,0.1285818305549913,Europe
2021,2,France,88382.0,50869.468,259.846,60.19,146.55,2021-02,0.1294626133937794,Europe
2021,3,France,94438.0,56980.464,406.341,68.52,150.709,2021-03,0.1455369002016654,Europe
2021,4,France,106179.0,76090.668,446.861,75.0,198.981,2021-04,0.1503812058150009,Europe
2021,5,France,111795.0,82494.561,184.477,63.89,83.701,2021-05,0.1583082513640953,Europe
2021,6,France,113487.0,84566.122,59.692,53.995000000000005,27.111,2021-06,0.1624919698483395,Europe
2021,7,France,114439.0,86258.769,106.23,42.84,17.475,2021-07,0.1640333398162191,Europe
2021,8,France,115433.0,94913.499,295.259,44.73,77.95,2021-08,0.180327822333802,Europe
2021,9,France,116596.0,98715.26,103.31,43.31,43.605,2021-09,0.1754835167204666,Europe
2021,10,France,118706.0,103213.623,68.735,41.73,21.854,2021-10,0.1860529107859259,Europe
2021,11,France,119682.0,106589.615,264.599,41.025,36.704,2021-11,0.195961717722294,Europe
2021,12,France,121975.0,121150.286,797.221,43.97,125.551,2021-12,0.2014666104647207,Europe
2022,1,France,130121.0,246892.395,4336.806,47.86,239.128,2022-01,0.2052099375295709,Europe
2022,2,France,136038.0,324191.822,1685.0485,44.370000000000005,212.4815,2022-02,0.2267891170798832,Europe
2022,3,France,141820.0,359987.224,1296.078,18.83,109.006,2022-03,0.2657637576962644,Europe
2022,4,France,145432.5,419277.6885000001,1191.815,18.82,156.9905,2022-04,0.2772139346005118,Europe
2022,5,France,148573.0,439238.076,327.315,18.81,76.357,2022-05,0.2959305699247624,Europe
2022,6,France,149704.0,450892.221,658.568,18.81,52.91,2022-06,0.317289553765378,Europe
2022,7,France,151999.0,501929.081,1009.546,18.8,135.977,2022-07,0.3247762078950783,Europe
2022,8,France,153643.0,512649.307,334.197,11.11,60.741,2022-08,0.336886971928417,Europe
2022,9,France,155140.0,522615.06,510.033,11.11,40.14,2022-09,0.3238954250562902,Europe
2022,10,France,156302.0,543015.213,866.677,11.11,104.08,2022-10,0.3551632158332735,Europe
2022,11,France,158161.0,556573.139,492.687,11.11,72.6265,2022-11,0.36595280560843,Europe
2022,12,France,159085.0,564546.958,649.073,11.11,137.938,2022-12,0.3635306528017623,Europe
2023,1,France,163756.0,592102.831,70.057,0.0,51.259,2023-01,0.3749808297060097,Europe
2023,2,France,166079.0,597984.354,53.308,0.0,29.213,2023-02,0.4042668590957196,Europe
2023,3,France,165869.0,597098.001,58.079,0.0,34.698,2023-03,0.430910539969065,Europe
2023,4,France,166709.0,600404.889,98.3905,0.0,,2023-04,0.4483060010351331,Europe
2023,5,France,167357.0,601891.196,53.671,0.0,,2023-05,0.4463242396478594,Europe
2023,6,France,167985.0,603427.621,17.644,0.0,,2023-06,0.4518291323902861,Europe
2023,7,France,167985.0,603427.621,17.644,0.0,,2023-07,0.4531503066484686,Europe
2023,8,France,167985.0,603427.621,,0.0,,2023-08,0.4824363360381785,Europe
2023,9,France,167985.0,603427.621,,0.0,,2023-09,0.467022636359384,Europe
2023,10,France,167985.0,603427.621,,0.0,,2023-10,0.4716467462630223,Europe
2020,1,Belgium,0.0,0.086,0.0,0.0,,2020-01,-0.5584265431566362,Europe
2020,2,Belgium,0.0,0.086,0.0,11.11,,2020-02,-0.6443995533646428,Europe
2020,3,Belgium,149.0,383.753,38.129,50.93,119.6815,2020-03,-0.7733590686766529,Europe
2020,4,Belgium,5866.0,3536.828,92.632,81.48,197.668,2020-04,-0.8593320788846597,Europe
2020,5,Belgium,9212.0,4943.581,26.976,75.0,39.465,2020-05,-0.902318583988663,Europe
2020,6,Belgium,9635.0,5211.556500000001,15.1,51.85,12.311,2020-06,-0.8163455737806563,Europe
2020,7,Belgium,9697.0,5292.76,10.234,51.85,8.065,2020-07,-0.4939467855006311,Europe
2020,8,Belgium,9903.0,6737.09,42.039,60.19,18.188,2020-08,-1.052771351852675,Europe
2020,9,Belgium,10030.0,8089.535,70.069,52.78,21.8775,2020-09,-0.7518658161246513,Europe
2020,10,Belgium,10083.0,9875.494,136.595,47.22,130.32,2020-10,-0.7733590686766529,Europe
2020,11,Belgium,14537.0,46123.417,291.464,63.89,279.0855,2020-11,-0.8163455737806563,Europe
2020,12,Belgium,18121.0,52224.693,196.062,60.19,112.389,2020-12,-0.7733590686766529,Europe
2021,1,Belgium,20963.0,59227.485,153.558,60.19,79.016,2021-01,-0.7303725635726496,Europe
2021,2,Belgium,22126.0,64277.621,179.921,62.96,75.1125,2021-02,-0.7948523212286547,Europe
2021,3,Belgium,22657.0,68835.818,335.611,62.96,100.807,2021-03,-0.5154400380526327,Europe
2021,4,Belgium,24104.0,83140.391,306.834,75.93,144.733,2021-04,-0.4079737752926243,Europe
2021,5,Belgium,24943.0,89509.685,186.649,50.93,82.962,2021-05,-0.3220007650846176,Europe
2021,6,Belgium,25197.0,91922.107,69.958,50.93,25.395,2021-06,-0.3005075125326159,Europe
2021,7,Belgium,25320.0,94084.956,127.33,50.93,12.783,2021-07,-0.5584265431566362,Europe
2021,8,Belgium,25402.0,98125.477,164.674,47.22,32.945,2021-08,0.1508507910594193,Europe
2021,9,Belgium,25478.0,100516.278,173.474,43.06,36.1615,2021-09,-0.0425884819085958,Europe
2021,10,Belgium,25793.0,107714.078,260.726,32.07,40.065,2021-10,0.3013035589234312,Europe
2021,11,Belgium,26470.0,128112.119,862.492,31.985,143.275,2021-11,0.6666888523074596,Europe
2021,12,Belgium,27665.0,166595.816,743.779,36.72,141.988,2021-12,0.5592225895474512,Europe
2022,1,Belgium,28814.0,239519.17,2321.468,33.84,120.111,2022-01,0.9675943880354833,Europe
2022,2,Belgium,29636.0,295227.156,885.3255,29.915,156.57299999999998,2022-02,1.1825269135555,Europe
2022,3,Belgium,30513.0,319632.259,876.44,16.67,96.432,2022-03,1.1395404084514968,Europe
2022,4,Belgium,31243.0,344618.097,515.373,13.89,129.719,2022-04,1.1395404084514968,Europe
2022,5,Belgium,31652.0,355668.015,136.301,13.89,61.771,2022-05,1.2684999237635068,Europe
2022,6,Belgium,31825.0,360244.573,238.64,11.11,39.508,2022-06,1.3974594390755168,Europe
2022,7,Belgium,32125.0,377472.295,332.4,11.11,93.515,2022-07,1.375966186523515,Europe
2022,8,Belgium,32364.0,382932.094,185.657,11.11,54.05,2022-08,1.3974594390755168,Europe
2022,9,Belgium,32600.0,387889.316,193.206,11.11,35.261,2022-09,1.7413514799075436,Europe
2022,10,Belgium,32766.0,394541.385,238.223,11.11,63.83,2022-10,1.9562840054275603,Europe
2022,11,Belgium,32954.0,397197.202,91.7745,11.11,31.572,2022-11,1.3974594390755168,Europe
2022,12,Belgium,33019.0,398219.686,120.76,11.11,72.924,2022-12,1.3329796814195116,Europe
2023,1,Belgium,33470.0,402681.023,37.847,0.0,33.374,2023-01,0.7311686099634648,Europe
2023,2,Belgium,34057.0,410150.016,89.47,0.0,52.6345,2023-02,0.3013035589234312,Europe
2023,3,Belgium,33988.0,409539.167,119.277,0.0,90.512,2023-03,0.1938372961634227,Europe
2023,4,Belgium,34174.0,411173.444,34.844,0.0,47.701,2023-04,-0.1500547446686042,Europe
2023,5,Belgium,34267.0,411651.312,16.681,0.0,26.768,2023-05,-0.2790142599806142,Europe
2023,6,Belgium,34338.0,411949.53,4.069,0.0,14.671,2023-06,-0.5154400380526327,Europe
2023,7,Belgium,34339.0,411998.003,2.758,0.0,,2023-07,-0.4939467855006311,Europe
2023,8,Belgium,34339.0,412157.235,19.88,0.0,,2023-08,-0.3434940176366193,Europe
2023,9,Belgium,34339.0,412402.089,28.778,0.0,,2023-09,-0.7088793110206478,Europe
2020,1,Finland,0.0,1.444,0.0,0.0,,2020-01,0.0777166216149687,Europe
2020,2,Finland,0.0,0.361,0.026,13.89,,2020-02,0.088286015680428,Europe
2020,3,Finland,62.0,284.799,16.811,61.11,,2020-03,0.0845426886155778,Europe
2020,4,Finland,254.0,883.275,18.022,68.52,,2020-04,0.0746338816792097,Europe
2020,5,Finland,299.0,1178.0,4.899,59.26,,2020-05,0.0733127074210273,Europe
2020,6,Finland,302.5,1214.187,1.65,35.19,,2020-06,0.0788176001634539,Europe
2020,7,Finland,303.0,1225.467,1.444,35.19,,2020-07,0.0854234714543659,Europe
2020,8,Finland,308.0,1372.198,5.414,32.41,,2020-08,0.0858638628737603,Europe
2020,9,Finland,322.0,1657.178,17.094,32.41,,2020-09,0.0863042542931543,Europe
2020,10,Finland,330.0,2119.21,35.838,36.57,,2020-10,0.088726407099822,Europe
2020,11,Finland,423.0,4324.689,75.828,40.74,,2020-11,0.0860840585834571,Europe
2020,12,Finland,568.0,6202.776,48.962,52.31,,2020-12,0.0904879727773985,Europe
2021,1,Finland,708.0,8531.344,66.881,52.31,,2021-01,0.1006169754234638,Europe
2021,2,Finland,791.0,11050.86,96.068,52.31,,2021-02,0.1085440209725582,Europe
2021,3,Finland,863.0,13556.48,100.966,52.31,,2021-03,0.1155902836828643,Europe
2021,4,Finland,934.0,15936.666,38.546,52.31,,2021-04,0.1246183077804439,Europe
2021,5,Finland,971.0,16770.488,20.059,52.31,,2021-05,0.1252788949095352,Europe
2021,6,Finland,979.0,17104.92,19.183,47.69,,2021-06,0.1224163506834734,Europe
2021,7,Finland,1000.0,19212.218,128.09,43.98,,2021-07,0.1272606562968088,Europe
2021,8,Finland,1043.0,22614.107,105.968,38.43,,2021-08,0.1279212434259001,Europe
2021,9,Finland,1070.0,23974.574,83.511,33.8,,2021-09,0.133646331878024,Europe
2021,10,Finland,1194.0,27805.828,105.375,24.07,,2021-10,0.1530235543313658,Europe
2021,11,Finland,1439.0,33137.782,205.052,27.31,,2021-11,0.1657949054937957,Europe
2021,12,Finland,1635.0,42258.938,568.309,36.14,,2021-12,0.1631525569774307,Europe
2022,1,Finland,2362.0,97402.245,1167.429,30.58,,2022-01,0.1961819134319909,Europe
2022,2,Finland,2771.0,121774.057,1160.597,18.52,,2022-02,0.2100542431429063,Europe
2022,3,Finland,3797.0,166955.346,1246.145,16.67,,2022-03,0.2499096665980756,Europe
2022,4,Finland,4534.0,190212.5075,460.278,19.44,,2022-04,0.2595982778247465,Europe
2022,5,Finland,4858.0,200724.812,272.578,19.44,,2022-05,0.2915266557308213,Europe
2022,6,Finland,5091.0,208703.523,306.80499999999995,19.44,,2022-06,0.3109038781841632,Europe
2022,7,Finland,5570.0,222544.261,299.702,11.11,,2022-07,0.3148674009587102,Europe
2022,8,Finland,5870.0,228485.159,204.356,11.11,,2022-08,0.3122250524423456,Europe
2022,9,Finland,6347.0,235577.887,317.028,11.11,,2022-09,0.3305012963472022,Europe
2022,10,Finland,7107.0,245056.576,330.977,11.11,,2022-10,0.3509794973490293,Europe
2022,11,Finland,7832.0,253788.796,308.545,11.11,,2022-11,0.3807059181581336,Europe
2022,12,Finland,8136.0,258021.981,113.6,11.11,,2022-12,0.3714576983508567,Europe
2023,1,Finland,8860.0,263392.017,18.435,0.0,,2023-01,0.3853300280617718,Europe
2023,2,Finland,9360.0,265289.776,17.868,0.0,,2023-02,0.4022850977084459,Europe
2023,3,Finland,9286.0,264979.168,19.26,0.0,,2023-03,0.4137352746126937,Europe
2023,4,Finland,9658.0,266278.632,38.739,0.0,,2023-04,0.415276644580573,Europe
2023,5,Finland,9888.0,266962.114,25.242,0.0,,2023-05,0.4172584059678467,Europe
2023,6,Finland,10107.0,267514.206,6.343,0.0,,2023-06,0.4132948831932993,Europe
2023,7,Finland,10145.0,267606.793,4.486,0.0,,2023-07,0.4203411459036056,Europe
2020,1,Poland,0.0,0.0,0.0,0.0,,2020-01,0.1477388572986363,Europe
2020,2,Poland,0.0,0.0,0.0,5.56,,2020-02,0.1609505998804602,Europe
2020,3,Poland,5.0,13.398,1.545,57.41,,2020-03,0.1653545140744016,Europe
2020,4,Poland,345.0,219.333,8.556,83.33,,2020-04,0.1653545140744016,Europe
2020,5,Poland,992.0,525.151,9.341,83.33,,2020-05,0.1851721279471375,Europe
2020,6,Poland,1290.5,760.679,9.462,56.485,,2020-06,0.1983838705289617,Europe
2020,7,Poland,1434.0,845.871,7.975,39.81,,2020-07,0.1961819134319909,Europe
2020,8,Poland,1869.0,1407.276,18.129,39.81,,2020-08,0.1939799563350203,Europe
2020,9,Poland,2181.0,1847.849,17.28,36.11,,2020-09,0.1983838705289617,Europe
2020,10,Poland,2423.0,2157.204,27.419,37.04,,2020-10,0.2049897418198737,Europe
2020,11,Poland,10045.0,18142.745,372.502,75.0,,2020-11,0.2049897418198737,Europe
2020,12,Poland,22896.0,28547.153,240.186,75.0,,2020-12,0.2115956131107856,Europe
2021,1,Poland,35441.0,37079.049,142.731,75.0,,2021-01,0.2336151840804924,Europe
2021,2,Poland,42241.0,41170.286,158.993,71.3,,2021-02,0.2468269266623166,Europe
2021,3,Poland,47202.0,47885.995,463.781,72.22,,2021-03,0.2688464976320234,Europe
2021,4,Poland,65419.0,69242.417,406.509,75.93,,2021-04,0.2864621544077887,Europe
2021,5,Poland,72950.0,71931.521,41.373,61.72,,2021-05,0.2952699827956712,Europe
2021,6,Poland,74595.0,72226.826,7.925,52.99,,2021-06,0.2974719398926421,Europe
2021,7,Poland,75233.0,72326.708,3.143,43.33,,2021-07,0.3084817253774954,Europe
2021,8,Poland,75317.0,72425.184,4.444,35.93,,2021-08,0.3150875966684074,Europe
2021,9,Poland,75358.0,72499.199,15.355,35.77,,2021-09,0.3327032534441727,Europe
2021,10,Poland,75883.0,73356.661,61.616,32.93,,2021-10,0.3591267386078209,Europe
2021,11,Poland,78881.0,80432.532,489.419,38.39,,2021-11,0.3833482666744982,Europe
2021,12,Poland,88485.0,96073.266,468.108,48.15,,2021-12,0.4053678376442049,Europe
2022,1,Poland,103848.0,113384.516,357.892,44.44,,2022-01,0.4450030653896773,Europe
2022,2,Poland,108121.0,135502.885,546.262,43.83,,2022-02,0.4450030653896773,Europe
2022,3,Poland,114219.0,147791.447,259.792,22.52,,2022-03,0.5220715637836509,Europe
2022,4,Poland,115892.0,150230.03149999998,25.269,14.81,,2022-04,0.5705146199170055,Europe
2022,5,Poland,116268.0,150664.809,5.832,14.81,,2022-05,0.614553761856419,Europe
2022,6,Poland,116391.0,150808.221,9.554,14.81,,2022-06,0.6541889896018913,Europe
2022,7,Poland,116508.0,151757.637,36.742,14.81,,2022-07,0.6651987750867447,Europe
2022,8,Poland,116771.0,153521.436,87.233,14.81,,2022-08,0.6872183460564515,Europe
2022,9,Poland,117349.0,156670.257,102.839,9.26,,2022-09,0.731257487995865,Europe
2022,10,Poland,117899.0,158732.322,29.201,9.26,,2022-10,0.7797005441292195,Europe
2022,11,Poland,118209.0,159223.601,14.2345,9.26,,2022-11,0.7995181580019557,Europe
2022,12,Poland,118305.0,159349.25,8.871,9.26,,2022-12,0.806124029292868,Europe
2023,1,Poland,118651.0,159901.949,7.466,0.0,,2023-01,0.8655768709110759,Europe
2023,2,Poland,119361.0,163025.329,33.91,0.0,,2023-02,0.9008081844626066,Europe
2023,3,Poland,119245.0,162790.54,53.659,0.0,,2023-03,0.9360394980141372,Europe
2023,4,Poland,119520.0,163383.006,9.1685,0.0,,2023-04,0.9602610260808152,Europe
2023,5,Poland,119585.0,163474.307,6.814,0.0,,2023-05,0.9668668973717268,Europe
2023,6,Poland,119624.0,163529.203,0.642,0.0,,2023-06,0.9690688544686974,Europe
2023,7,Poland,119632.0,163535.501,0.254,0.0,,2023-07,0.9602610260808152,Europe
2020,1,Romania,0.0,0.203,0.0,0.0,,2020-01,0.2179812886920007,Europe
2020,2,Romania,0.0,0.0,0.0,5.56,,2020-02,0.2171005058532123,Europe
2020,3,Romania,0.0,18.668,1.657,58.33,,2020-03,0.2263487256604892,Europe
2020,4,Romania,421.0,428.195,16.11,87.04,,2020-04,0.2327344012417043,Europe
2020,5,Romania,1176.0,908.325,11.43,75.0,,2020-05,0.2329545969514012,Europe
2020,6,Romania,1447.0,1154.9005000000002,14.904,56.48,,2020-06,0.2331747926610983,Europe
2020,7,Romania,1589.0,1323.65,16.655,49.07,,2020-07,0.2369181197259485,Europe
2020,8,Romania,2954.0,3528.819,59.369,49.07,,2020-08,0.2364777283065545,Europe
2020,9,Romania,4127.0,5208.027,61.926,45.37,,2020-09,0.2276698999186716,Europe
2020,10,Romania,4687.0,6166.811,70.378,45.37,,2020-10,0.2307526398544306,Europe
2020,11,Romania,8813.0,17965.316,386.397,73.145,,2020-11,0.2314132269835218,Europe
2020,12,Romania,13264.0,28073.27,261.919,76.85,,2020-12,0.2450653609847398,Europe
2021,1,Romania,17722.0,36074.279,128.663,76.85,,2021-01,0.2664243448253556,Europe
2021,2,Romania,19795.0,39537.379,123.2895,73.15,,2021-02,0.2767735431811178,Europe
2021,3,Romania,21439.0,43507.516,285.805,67.59,,2021-03,0.2871227415368799,Europe
2021,4,Romania,27267.0,53141.444,175.664,67.59,,2021-04,0.2974719398926421,Europe
2021,5,Romania,29885.0,54693.587,28.354,51.85,,2021-05,0.3115644653132544,Europe
2021,6,Romania,31804.0,54918.468,6.649,44.225,,2021-06,0.3177299451847723,Europe
2021,7,Romania,34252.0,55016.692,4.324,42.72,,2021-07,0.3294003177987169,Europe
2021,8,Romania,34342.0,55286.895,15.907,57.3,,2021-08,0.333804231992658,Europe
2021,9,Romania,34509.0,55743.931,63.089,58.115,,2021-09,0.3549430201235766,Europe
2021,10,Romania,39209.0,68478.636,647.423,68.89,,2021-10,0.3888531594169249,Europe
2021,11,Romania,52836.0,88471.393,239.313,69.18,,2021-11,0.3954590307078371,Europe
2021,12,Romania,57636.0,91174.952,38.317,60.19,,2021-12,0.4088909689993582,Europe
2022,1,Romania,59525.0,101887.863,406.991,56.48,,2022-01,0.4454434568090714,Europe
2022,2,Romania,61520.0,129727.503,767.25,50.93,,2022-02,0.4731881162309019,Europe
2022,3,Romania,64669.0,143128.305,182.037,11.11,,2022-03,0.5253744994291067,Europe
2022,4,Romania,65376.0,146728.388,68.198,11.11,,2022-04,0.5903322337897416,Europe
2022,5,Romania,65651.0,147811.134,17.832,11.11,,2022-05,0.6244625687927874,Europe
2022,6,Romania,65714.0,148168.167,19.722,11.11,,2022-06,0.6464821397624941,Europe
2022,7,Romania,65853.0,152735.173,251.295,11.11,,2022-07,0.6594736866346206,Europe
2022,8,Romania,66336.0,160469.895,219.518,11.11,,2022-08,0.6722450377970507,Europe
2022,9,Romania,66912.0,165436.611,67.224,11.11,,2022-09,0.6991089143800929,Europe
2022,10,Romania,67119.0,166823.234,31.588,11.11,,2022-10,0.7383037507061709,Europe
2022,11,Romania,67236.0,167431.904,20.43,11.11,,2022-11,0.7750764342255809,Europe
2022,12,Romania,67253.0,167577.28,15.587,11.11,,2022-12,0.7785995655807346,Europe
2023,1,Romania,67460.0,168683.374,29.844,0.0,,2023-01,0.8019403108086237,Europe
2023,2,Romania,67917.0,171665.835,29.982,0.0,,2023-02,0.8314465359080302,Europe
2023,3,Romania,67858.0,171314.652,42.43,0.0,,2023-03,0.8574296296522843,Europe
2023,4,Romania,68047.0,172444.043,28.99,0.0,,2023-04,0.881210766299568,Europe
2023,5,Romania,68143.0,172945.231,18.981,0.0,,2023-05,0.896184074558968,Europe
2023,6,Romania,68233.0,173327.138,5.305,0.0,,2023-06,0.910716991398975,Europe
2023,7,Romania,68246.0,173398.351,3.757,0.0,,2023-07,0.915341101302613,Europe
2020,1,Hungary,0.0,0.0,0.0,0.0,,2020-01,0.2582771035665641,Europe
2020,2,Hungary,0.0,0.0,0.0,0.0,,2020-02,0.264882974857476,Europe
2020,3,Hungary,4.0,13.143,1.433,67.59,,2020-03,0.2706080633095999,Europe
2020,4,Hungary,189.0,192.229,7.252,76.85,,2020-04,0.2589376906956553,Europe
2020,5,Hungary,486.0,375.327,3.526,66.67,,2020-05,0.2699474761805087,Europe
2020,6,Hungary,564.5,409.238,1.806,55.56,,2020-06,0.2802966745362708,Europe
2020,7,Hungary,578.0,415.157,1.233,49.07,,2020-07,0.3095827039259807,Europe
2020,8,Hungary,607.0,489.3,3.669,49.07,,2020-08,0.3093625082162835,Europe
2020,9,Hungary,633.0,1186.379,56.37,40.74,,2020-09,0.2974719398926421,Europe
2020,10,Hungary,736.0,2409.277,86.339,40.74,,2020-10,0.3020960497962803,Europe
2020,11,Hungary,3097.0,14142.34,449.255,72.22,,2020-11,0.2979123313120361,Europe
2020,12,Hungary,6965.0,28131.98,323.759,72.22,,2020-12,0.3058393768611305,Europe
2021,1,Hungary,11968.0,36075.352,111.02,72.22,,2021-01,0.3287397306696257,Europe
2021,2,Hungary,14299.0,40434.505,191.684,72.22,,2021-02,0.3467957788647851,Europe
2021,3,Hungary,16952.0,51818.426,723.408,79.63,,2021-03,0.3663931970278241,Europe
2021,4,Hungary,26625.0,77204.227,434.908,70.37,,2021-04,0.3866512023199543,Europe
2021,5,Hungary,29519.0,80471.911,56.485,65.65,,2021-05,0.4009639234502638,Europe
2021,6,Hungary,29905.0,80943.653,11.208,51.185,,2021-06,0.4126342960642084,Europe
2021,7,Hungary,30015.0,81137.788,6.908,27.78,,2021-07,0.4271672129042148,Europe
2021,8,Hungary,30038.0,81297.41,6.607,27.78,,2021-08,0.4331124970660355,Europe
2021,9,Hungary,30057.0,81436.866,34.785,29.91,,2021-09,0.4364154327114917,Europe
2021,10,Hungary,30275.0,83012.417,81.767,29.77,,2021-10,0.4665822449399897,Europe
2021,11,Hungary,31867.0,94286.68,682.517,30.46,,2021-11,0.4846382931351494,Europe
2021,12,Hungary,36429.0,118680.237,506.986,30.86,,2021-12,0.4914643601357585,Europe
2022,1,Hungary,40822.0,140605.423,631.45,28.77,,2022-01,0.5299986093327453,Europe
2022,2,Hungary,42360.0,170155.44,722.835,28.455,,2022-02,0.5603856172709405,Europe
2022,3,Hungary,44961.0,183007.261,212.695,11.11,,2022-03,0.5881302766927712,Europe
2022,4,Hungary,45956.5,189140.0625,164.438,11.11,,2022-04,0.6350319628582464,Europe
2022,5,Hungary,46446.0,192097.783,44.144,11.11,,2022-05,0.6836952147012985,Europe
2022,6,Hungary,46594.0,192943.047,75.7835,11.11,,2022-06,0.7422672734807183,Europe
2022,7,Hungary,46736.0,195747.917,115.177,11.11,,2022-07,0.8136106834225677,Europe
2022,8,Hungary,46966.0,201197.736,232.89,11.11,,2022-08,0.924809516819587,Europe
2022,9,Hungary,47409.0,207723.473,176.391,11.11,,2022-09,0.9827209884699156,Europe
2022,10,Hungary,47680.0,212749.907,171.231,11.11,,2022-10,1.0507614627663096,Europe
2022,11,Hungary,48111.0,216062.839,97.311,11.11,,2022-11,1.1073517601584555,Europe
2022,12,Hungary,48245.0,216918.537,58.735,11.11,,2022-12,1.1659238189378756,Europe
2023,1,Hungary,48604.0,219751.8,14.175,0.0,4.696,2023-01,1.2467356443966997,Europe
2023,2,Hungary,48730.0,220635.991,10.42,0.0,4.077,2023-02,1.2747004995282274,Europe
2023,3,Hungary,48720.0,220567.267,12.426,0.0,5.625,2023-03,1.304206724627634,Europe
2023,4,Hungary,48764.0,220795.814,6.407,0.0,6.089,2023-04,1.3295292312427969,Europe
2023,5,Hungary,48782.0,220940.286,8.829,0.0,3.406,2023-05,1.3167578800803672,Europe
2023,6,Hungary,48797.0,221035.598,0.674,0.0,,2023-06,1.329088839823403,Europe
2023,7,Hungary,48799.0,221044.928,0.387,0.0,,2023-07,1.3416399952761358,Europe
2020,1,Germany,11.0,2.039,0.002,0.0,,2020-01,0.1036997153592228,Europe
2020,2,Germany,10.0,0.372,0.01,11.11,,2020-02,0.081680144389516,Europe
2020,3,Germany,586.0,358.919,12.752,42.13,6.345,2020-03,0.0310351311591903,Europe
2020,4,Germany,7422.0,1732.773,27.324,76.85,47.6795,2020-04,-0.0350235817499298,Europe
2020,5,Germany,9071.0,2145.572,8.182,61.57,9.728,2020-05,-0.0614470669135777,Europe
2020,6,Germany,9235.5,2265.5675,7.183,59.72,3.766,2020-06,-0.032821624652959,Europe
2020,7,Germany,9277.0,2328.696,5.216,55.09,3.502,2020-07,-0.0482353243317538,Europe
2020,8,Germany,9494.0,2700.305,15.155,56.94,4.942,2020-08,-0.0570431527196366,Europe
2020,9,Germany,9646.0,3141.928,16.767,49.54,6.297000000000001,2020-09,-0.0724568523984311,Europe
2020,10,Germany,9838.0,3445.982,22.386,58.8,24.337,2020-10,-0.0702548953014605,Europe
2020,11,Germany,17752.0,9724.956,210.974,62.04,91.838,2020-11,-0.0922744662711673,Europe
2020,12,Germany,34821.0,16154.055,257.488,82.41,134.341,2020-12,-0.0614470669135777,Europe
2021,1,Germany,67715.0,25706.155,163.733,83.33,122.49,2021-01,0.053054702128897,Europe
2021,2,Germany,76243.0,28655.95,89.668,83.33,63.008,2021-02,0.0860840585834571,Europe
2021,3,Germany,79623.0,30889.036,158.69,77.78,61.089,2021-03,0.1323251576198415,Europe
2021,4,Germany,88847.0,39570.989,199.3,75.0,93.2055,2021-04,0.1301232005228706,Europe
2021,5,Germany,92288.0,43756.519,90.252,75.0,49.37,2021-05,0.1433349431046948,Europe
2021,6,Germany,92757.0,44531.488,24.096,69.44,8.786,2021-06,0.1631525569774307,Europe
2021,7,Germany,92914.0,44906.227,21.669,69.44,4.75,2021-07,0.1939799563350203,Europe
2021,8,Germany,93259.0,45873.82,54.965,61.11,20.187,2021-08,0.2027877847229031,Europe
2021,9,Germany,93834.0,47265.486,105.333,36.16,38.041,2021-09,0.2182014844016976,Europe
2021,10,Germany,96366.0,51775.426,111.995,28.54,35.576,2021-10,0.317289553765378,Europe
2021,11,Germany,103230.0,60761.11,464.666,43.2,107.197,2021-11,0.3635306528017623,Europe
2021,12,Germany,114411.0,78526.095,468.657,42.9,107.569,2021-12,0.3260973821532608,Europe
2022,1,Germany,121151.0,106076.25,1022.838,42.38,65.431,2022-01,0.5176676495897095,Europe
2022,2,Germany,125477.0,150659.963,2044.712,38.66,126.5745,2022-02,0.5991400621776245,Europe
2022,3,Germany,134226.0,227626.921,2711.676,36.55,145.844,2022-03,1.0109060393111404,Europe
2022,4,Germany,140324.0,287760.34,1253.449,14.56,106.759,2022-04,0.9360394980141372,Europe
2022,5,Germany,142695.0,313373.397,420.058,14.56,57.431,2022-05,1.0241177818929643,Europe
2022,6,Germany,143818.0,327497.51,709.045,14.56,58.534,2022-06,1.048339309959642,Europe
2022,7,Germany,147785.0,365024.978,983.955,11.11,117.441,2022-07,1.048339309959642,Europe
2022,8,Germany,150237.0,378902.382,511.134,11.11,80.737,2022-08,1.0659549667354071,Europe
2022,9,Germany,152249.0,392409.209,490.988,11.11,55.8415,2022-09,1.2905545906264162,Europe
2022,10,Germany,156493.0,416212.134,1078.412,11.11,183.472,2022-10,1.4160661451537444,Europe
2022,11,Germany,160357.0,432574.31,347.9325,11.11,91.772,2022-11,1.3940465741840378,Europe
2022,12,Germany,161550.0,436655.594,382.038,11.11,132.23,2022-12,0.9624629831777858,Europe
2023,1,Germany,168054.0,451157.253,125.599,0.0,79.873,2023-01,1.2024763067475894,Europe
2023,2,Germany,173431.0,460080.912,83.1485,0.0,95.82,2023-02,1.20467826384456,Europe
2023,3,Germany,173000.0,459809.207,55.928,0.0,103.095,2023-03,1.2068802209415304,Europe
2023,4,Germany,174244.0,460551.01,17.701999999999998,0.0,45.3765,2023-04,1.2311017490082077,Europe
2020,1,Italy,29.0,19.107,0.0,0.0,,2020-01,0.09489188697134,Europe
2020,2,Italy,2.0,1.338,0.007,19.44,26.2205,2020-02,0.0728723160016332,Europe
2020,3,Italy,4825.0,907.525,36.96,82.41,222.401,2020-03,0.0376410024501026,Europe
2020,4,Italy,23227.0,2979.887,47.006,93.52,94.9315,2020-04,-0.1186979514348154,Europe
2020,5,Italy,32735.0,3884.431,15.709,75.0,25.17,2020-05,-0.1825547072469648,Europe
2020,6,Italy,34455.5,4025.621,8.075,67.59,10.4595,2020-06,-0.1781507930530237,Europe
2020,7,Italy,34716.0,4074.277,3.988,67.59,8.943,2020-07,-0.1737468788590823,Europe
2020,8,Italy,35392.0,4299.591,11.506,64.81,10.315,2020-08,-0.1715449217621114,Europe
2020,9,Italy,35603.0,4856.17,24.101,66.67,25.501,2020-09,-0.1781507930530237,Europe
2020,10,Italy,35818.0,5225.546,27.912,65.74,93.873,2020-10,-0.1164959943378445,Europe
2020,11,Italy,44683.0,19393.632,445.24,82.41,275.825,2020-11,-0.1164959943378445,Europe
2020,12,Italy,64036.0,30932.456,271.76,80.56,153.106,2020-12,-0.0900725091741967,Europe
2021,1,Italy,85162.0,41586.892,209.194,74.07,149.346,2021-01,-0.0218118391681056,Europe
2021,2,Italy,95486.0,47356.296,207.425,75.925,113.4615,2021-02,0.000207731801601,Europe
2021,3,Italy,101881.0,54233.996,375.248,79.63,209.596,2021-03,0.0442468737410145,Europe
2021,4,Italy,119021.0,66898.478,250.122,78.7,141.8675,2021-04,0.0860840585834571,Europe
2021,5,Italy,125153.0,70941.215,84.247,69.44,60.165,2021-05,0.1036997153592228,Europe
2021,6,Italy,126976.0,71877.773,32.253,71.3,14.5755,2021-06,0.1147095008440761,Europe
2021,7,Italy,127864.0,72569.706,68.579,74.0,11.129,2021-07,0.2093936560138151,Europe
2021,8,Italy,128413.0,75121.916,105.703,53.98,40.008,2021-08,0.2358171411774632,Europe
2021,9,Italy,129056.0,76634.243,73.866,57.295,33.199,2021-09,0.2380190982744338,Europe
2021,10,Italy,131274.0,79577.222,45.905,50.62,20.462,2021-10,0.4119737089351172,Europe
2021,11,Italy,132739.0,82193.492,153.619,49.815,40.7535,2021-11,0.5352833063654748,Europe
2021,12,Italy,134765.0,88186.449,357.778,49.57,77.375,2021-12,0.5352833063654748,Europe
2022,1,Italy,143296.0,165677.673,2517.007,53.23,187.779,2022-01,0.8325475144565159,Europe
2022,2,Italy,150824.0,204164.06,1070.7240000000002,47.385,111.971,2022-02,1.0263197389899354,Europe
2022,3,Italy,157692.0,233752.878,1154.354,43.69,77.544,2022-03,1.2024763067475894,Europe
2022,4,Italy,162105.5,268804.2265,1014.789,36.44,85.3355,2022-04,1.0020982109232577,Europe
2022,5,Italy,165918.0,291836.056,349.604,22.52,58.81,2022-05,1.0945804089960265,Europe
2022,6,Italy,167703.0,302264.043,510.184,19.22,45.3525,2022-06,1.255323277074885,Europe
2022,7,Italy,170798.0,349069.655,822.751,19.22,107.068,2022-07,1.257525234171856,Europe
2022,8,Italy,173982.0,363838.004,467.754,19.22,49.646,2022-08,1.343401560953712,Europe
2022,9,Italy,176546.0,375167.402,328.791,15.51,33.8855,2022-09,1.3367956896628004,Europe
2022,10,Italy,177956.0,390764.445,697.988,15.51,66.957,2022-10,2.290243112651102,Europe
2022,11,Italy,180139.0,404458.257,534.801,19.21,68.8375,2022-11,2.402542924596607,Europe
2022,12,Italy,181271.0,412071.574,347.513,19.21,81.237,2022-12,2.321070512008692,Europe
2023,1,Italy,186158.0,429911.498,114.189,0.0,43.837,2023-01,2.131702201669213,Europe
2023,2,Italy,189155.0,435336.171,66.0295,0.0,27.6855,2023-02,1.937929977135794,Europe
2023,3,Italy,188974.0,434980.482,55.754,0.0,23.46,2023-03,1.568001184844721,Europe
2023,4,Italy,189627.0,436544.082,55.31,0.0,27.567500000000003,2023-04,1.539375742584102,Europe
2023,5,Italy,190122.0,437561.3,55.776,0.0,16.617,2023-05,1.488730729353777,Europe
