median_income,richest_decile_threshold,Entity,Education,GDP Forecast,Cluster2,trade,poorest_decile_threshold,Year,continent,GDP,GINI,Cluster
,,Argentina,2.60715,,0,11.545672,,1980,,0.7,0.546734544,0.0
,,Argentina,1.9659780000000002,,0,14.292977,,1981,,-5.744,0.54620914,0.0
,,Argentina,1.59787,,0,15.611486,,1982,,-3.149,0.520566836,0.0
,,Argentina,1.6175,,0,14.98767,,1983,,3.733,0.579658036,0.0
,,Argentina,2.56972,,0,12.346381,,1984,,2.0,0.5218251580000001,0.0
,,Argentina,1.36186,,0,18.009424,,1985,,-6.951,0.507502668,0.0
,,Argentina,1.26155,,0,14.4860325,,1986,,7.146,0.46808108600000004,0.0
,,Argentina,1.2823,,0,15.44897,,1987,,2.529,0.560468034,0.0
,,Argentina,2.46792224,,0,15.743459,,1988,,-1.957,0.520566836,0.0
,,Argentina,1.04612,,0,19.637798,,1989,,-7.007,0.507502668,0.0
,,Argentina,1.06738,,0,14.990859,,1990,,-1.338,0.524209088,0.0
,,Argentina,3.3708530000000003,,0,13.753055,,1991,,10.498,0.460630274,0.0
,,Argentina,3.3708529999999994,,0,14.730981,,1992,,10.299,0.496520054,0.0
,,Argentina,3.8940496,,0,16.223152,,1993,,6.251,0.46063027399999995,0.0
,,Argentina,4.2876216000000005,,0,18.134346,,1994,,5.83,0.46406676999999996,0.0
,,Argentina,4.6399799999999995,,0,19.771423,,1995,,-2.845,0.482944668,0.0
,,Argentina,3.73198,,0,21.506468,,1996,,5.527,0.45439518999999995,0.0
,,Argentina,4.438242,,0,23.33618,,1997,,8.111,0.49725497800000007,0.0
,,Argentina,4.03987,,0,23.350027,,1998,,3.85,0.415854834,0.0
,,Argentina,4.52168,,0,21.382746,,1999,,-3.385,0.527264046,0.0
,,Argentina,4.58031,,0,22.622444,,2000,,-0.789,0.4761367819999999,0.0
,,Argentina,4.83374,,0,21.852255,,2001,,-4.409,0.501111214,0.0
,,Argentina,4.01734,,0,41.752724,,2002,,-10.894,0.42907794599999993,1.0
,,Argentina,3.53505,,0,40.64475,,2003,,8.955,0.5208394860000001,0.0
,,Argentina,3.48652,,0,40.692646,,2004,,8.911,0.5208394860000001,0.0
,,Argentina,3.86001,,0,40.55127,,2005,,8.852,0.5208394860000001,0.0
,,Argentina,4.12821,,0,40.43348,,2006,,8.047,0.5208394860000001,0.0
,,Argentina,4.4626,,0,40.94517,,2007,,9.008,0.5208394860000001,0.0
,,Argentina,4.84441,,0,40.40267,,2008,,4.057,0.535273456,0.0
,,Argentina,5.53105,,0,34.057125,,2009,,-5.919,0.522584756,1.0
,,Argentina,5.01971,,0,34.971012,,2010,,10.125,0.539844214,0.0
,,Argentina,5.29063,,0,35.206154,,2011,,6.004,0.5400365880000001,1.0
,,Argentina,5.34583,,0,30.526543,,2012,,-1.026,0.47720335599999997,1.0
,,Argentina,5.43661,,0,29.33393,,2013,,2.405,0.460914392,1.0
,,Argentina,5.36144,,0,28.406794,,2014,,-2.513,0.463898598,1.0
,,Argentina,5.77611,,0,22.486227,,2015,,2.731,0.42847870600000004,1.0
,,Argentina,5.54549,,0,26.093887,,2016,,-2.08,0.475201428,1.0
,,Argentina,5.45432,,0,25.2896,,2017,,2.819,0.474308688,1.0
,,Argentina,4.87774,,0,30.762535,,2018,,-2.617,0.49636138799999996,1.0
,,Argentina,4.7776,,0,32.630615,,2019,,-2.001,0.5243947959999999,1.0
,,Argentina,5.27964,,0,30.219799,,2020,,-9.9,0.53284892,1.0
,,Argentina,4.6476,,0,32.97948,,2021,,10.718,0.524618154,1.0
,,Argentina,3.94430744,4.956,0,66.6959744,,2022,,4.956,0.5050636460000001,2.0
,,Argentina,4.340723668839104,-2.5,0,58.83990808646616,,2023,,2.943876376988984,0.4771421039529412,1.0
,,Argentina,4.340723668839104,2.75,0,58.83990808646616,,2024,,2.943876376988984,0.4771421039529412,1.0
,,Argentina,4.340723668839104,3.25,0,58.83990808646616,,2025,,2.943876376988984,0.4771421039529412,1.0
,,Argentina,4.340723668839104,3.0,0,58.83990808646616,,2026,,2.943876376988984,0.4771421039529412,1.0
,,Argentina,4.340723668839104,2.75,0,58.83990808646616,,2027,,2.943876376988984,0.4771421039529412,1.0
,,Argentina,4.340723668839104,2.5,0,58.83990808646616,,2028,,2.943876376988984,0.4771421039529412,1.0
,,Bolivia,3.90085324,,1,46.813007,,1980,,0.61,0.452074848,0.0
,,Bolivia,4.30421824,,1,46.219772,,1981,,0.3,0.45398590399999994,0.0
,,Bolivia,4.638568,,1,58.46826,,1982,,-3.939,0.46876885,0.0
,,Bolivia,4.329122,,1,52.35582,,1983,,-4.042,0.40399535200000003,0.0
,,Bolivia,4.78642024,,1,49.474735,,1984,,-0.201,0.40944220600000003,0.0
,,Bolivia,3.3249538400000005,,1,41.89279,,1985,,-1.676,0.468619758,0.0
,,Bolivia,4.7091080000000005,,1,47.031357,,1986,,-2.574,0.400740134,0.0
,,Bolivia,3.2033036000000004,,1,43.622658,,1987,,2.463,0.47305904200000004,0.0
,,Bolivia,3.5469899400000005,,1,41.90625,,1988,,2.91,0.48108337999999995,0.0
,,Bolivia,3.9469375399999995,,1,45.654686,,1989,,3.79,0.48250885,0.0
,,Bolivia,4.445902800000001,,1,46.703274,,1990,,4.636,0.474318974,0.0
,,Bolivia,4.318675600000001,,1,48.44497,,1991,,5.267,0.448650692,0.0
,,Bolivia,4.882613600000001,,1,49.11086,,1992,,1.647,0.47973236799999996,0.0
,,Bolivia,3.9683278,,1,47.467125,,1993,,4.269,0.463655952,0.0
,,Bolivia,4.1167736,,1,48.86085,,1994,,4.667,0.43993500999999996,0.0
,,Bolivia,3.86204812,,1,49.737988,,1995,,4.678,0.46369277799999997,0.0
,,Bolivia,3.95569872,,1,49.856293,,1996,,4.361,0.47148857800000005,0.0
,,Bolivia,4.32071492,,1,50.46966,,1997,,4.954,0.5816443,0.0
,,Bolivia,4.764481600000001,,1,52.281162,,1998,,5.029,0.41383110599999995,1.0
,,Bolivia,4.33751724,,1,44.168255,,1999,,0.427,0.58097047,0.0
,,Bolivia,3.2916420000000004,,1,45.597775,,2000,,2.508,0.61639917,0.0
,,Bolivia,3.6883670000000004,,1,45.22782,,2001,,1.684,0.57398796,0.0
,,Bolivia,7.195048,,1,49.35026,,2002,,2.486,0.5931104,1.0
,,Bolivia,6.629619,,1,51.96784,,2003,,2.711,0.31704693,1.0
,,Bolivia,6.8477182,,1,57.464268,,2004,,4.173,0.5500987,1.0
,,Bolivia,6.7135253,,1,67.641945,,2005,,4.421,0.58527935,2.0
,,Bolivia,6.43422,,1,74.53785,,2006,,4.797,0.5666768,2.0
,,Bolivia,6.72049,,1,76.06191,,2007,,4.564,0.5453707,2.0
,,Bolivia,6.72302,,1,82.86702,,2008,,6.148,0.5081608,2.0
,,Bolivia,7.57486,,1,68.627075,,2009,,3.357,0.49222964,1.0
,,Bolivia,6.97379,,1,75.51163,,2010,,4.127,0.47355155,1.0
,,Bolivia,6.45056,,1,82.48039,,2011,,5.204,0.46080953,1.0
,,Bolivia,6.628,,1,84.94876,,2012,,5.122,0.46581927,1.0
,,Bolivia,6.80322,,1,81.23091,,2013,,6.796,0.47589034,1.0
,,Bolivia,7.47813,,1,85.26447,,2014,,5.461,0.47830656,1.0
,,Bolivia,8.14343,,1,67.932846,,2015,,4.857,0.46732494,1.0
,,Bolivia,8.15061,,1,56.401035,,2016,,4.264,0.45244002,1.0
,,Bolivia,8.09724,,1,56.70465,,2017,,4.195,0.44618952,1.0
,,Bolivia,8.01587,,1,57.109966,,2018,,4.224,0.42579758,1.0
,,Bolivia,8.09104,,1,56.39731,,2019,,2.217,0.41644758,1.0
,,Bolivia,8.43711,,1,45.50326,,2020,,-8.738,0.43645486,1.0
,,Bolivia,4.273201800000001,,1,59.018333,,2021,,6.106,0.40913323,1.0
,,Bolivia,4.79153266,3.478,1,46.100438600000004,,2022,,3.478,0.400403632,1.0
,,Bolivia,4.340723668839104,1.8,1,58.83990808646616,,2023,,2.943876376988984,0.4771421039529412,1.0
,,Bolivia,4.340723668839104,1.8,1,58.83990808646616,,2024,,2.943876376988984,0.4771421039529412,1.0
,,Bolivia,4.340723668839104,2.1,1,58.83990808646616,,2025,,2.943876376988984,0.4771421039529412,1.0
,,Bolivia,4.340723668839104,2.2,1,58.83990808646616,,2026,,2.943876376988984,0.4771421039529412,1.0
,,Bolivia,4.340723668839104,2.3,1,58.83990808646616,,2027,,2.943876376988984,0.4771421039529412,1.0
,,Bolivia,4.340723668839104,2.3,1,58.83990808646616,,2028,,2.943876376988984,0.4771421039529412,1.0
,,Brazil,4.547353,,0,20.155407,,1980,,9.19,0.49844341600000003,0.0
,,Brazil,3.4397679999999995,,0,19.632923,,1981,,-4.4,0.5793085,0.0
,,Brazil,2.87775624,,0,16.49117,,1982,,0.596,0.58417106,0.0
,,Brazil,5.5687197,,0,21.900352,,1983,,-3.4,0.5898801,0.0
,,Brazil,5.12634234,,0,23.830074,,1984,,5.307,0.58376044,0.0
,,Brazil,4.671199,,0,20.449766,,1985,,7.901,0.5558679,0.0
,,Brazil,3.8940496,,0,15.860654,,1986,,7.544,0.5846461,0.0
,,Brazil,4.18874954,,0,16.262398,,1987,,3.601,0.5969279,0.0
,,Brazil,4.26794424,,0,17.767244,,1988,,0.264,0.61428356,0.0
,,Brazil,3.73155554,,0,14.390878,,1989,,3.2,0.63295126,0.0
,,Brazil,2.48383424,,0,15.155603,,1990,,-4.168,0.6048727,0.0
,,Brazil,3.4431002399999997,,0,16.592077,,1991,,1.031,0.56890259,0.0
,,Brazil,4.63124624,,0,19.253374,,1992,,-0.467,0.5317296,0.0
,,Brazil,4.445902800000001,,0,19.599321,,1993,,4.665,0.60118824,0.0
,,Brazil,4.445902800000001,,0,18.674759,,1994,,5.334,0.48557161000000004,0.0
,,Brazil,4.56816,,0,16.98446,,1995,,4.417,0.5956972,0.0
,,Brazil,3.03952,,0,15.6355915,,1996,,2.209,0.59888905,0.0
,,Brazil,4.321687539999999,,0,16.57621,,1997,,3.395,0.5979966,0.0
,,Brazil,4.75666,,0,16.438585,,1998,,0.338,0.5960723,0.0
,,Brazil,3.80062,,0,20.982166,,1999,,0.468,0.58991593,0.0
,,Brazil,3.94893,,0,22.639761,,2000,,4.388,0.415854834,0.0
,,Brazil,3.84468,,0,26.936285,,2001,,1.39,0.58413327,0.0
,,Brazil,3.75037,,0,27.618357,,2002,,3.053,0.5811364,0.0
,,Brazil,5.15507596,,0,28.140385,,2003,,1.141,0.5756279,0.0
,,Brazil,3.97448,,0,29.678253,,2004,,5.76,0.5647875,0.0
,,Brazil,4.47908,,0,27.086796,,2005,,3.202,0.563163,0.0
,,Brazil,4.8706,,0,26.0417,,2006,,3.962,0.5564732,0.0
,,Brazil,4.97426,,0,25.292612,,2007,,6.07,0.5492774,0.0
,,Brazil,5.26884,,0,27.25757,,2008,,5.094,0.5404328,0.0
,,Brazil,5.46355,,0,22.105976,,2009,,-0.126,0.5368723,1.0
,,Brazil,5.6488,,0,22.772179,,2010,,7.528,0.4976600080000001,1.0
,,Brazil,5.73741,,0,23.934404,,2011,,3.974,0.5294759,1.0
,,Brazil,5.8551,,0,25.114273,,2012,,1.921,0.53439856,1.0
,,Brazil,5.83885,,0,25.785957,,2013,,3.005,0.5268654,1.0
,,Brazil,5.94848,,0,24.685406,,2014,,0.504,0.5203314,1.0
,,Brazil,6.24106,,0,26.953627,,2015,,-3.546,0.51930827,1.0
,,Brazil,6.31404,,0,24.533682,,2016,,-3.276,0.53342843,1.0
,,Brazil,6.32048,,0,24.319735,,2017,,1.323,0.5333405,1.0
,,Brazil,6.08851,,0,28.876204,,2018,,1.784,0.53870946,1.0
,,Brazil,5.96347,,0,28.890259,,2019,,1.221,0.5348577,1.0
,,Brazil,5.7715,,0,32.890453,,2020,,-3.277,0.4888038,1.0
,,Brazil,3.7670775999999995,,0,39.17612,,2021,,4.989,0.52916694,1.0
,,Brazil,4.218024,2.901,0,60.56455679999999,,2022,,2.901,0.45941015400000007,1.0
,,Brazil,4.340723668839104,3.084,0,58.83990808646616,,2023,,2.943876376988984,0.4771421039529412,1.0
,,Brazil,4.340723668839104,1.507,0,58.83990808646616,,2024,,2.943876376988984,0.4771421039529412,1.0
,,Brazil,4.340723668839104,1.896,0,58.83990808646616,,2025,,2.943876376988984,0.4771421039529412,1.0
,,Brazil,4.340723668839104,1.877,0,58.83990808646616,,2026,,2.943876376988984,0.4771421039529412,1.0
,,Brazil,4.340723668839104,2.015,0,58.83990808646616,,2027,,2.943876376988984,0.4771421039529412,1.0
,,Brazil,4.340723668839104,2.015,0,58.83990808646616,,2028,,2.943876376988984,0.4771421039529412,1.0
,,Canada,6.46289,,1,53.497627,,1980,,2.163,0.392731358,1.0
,,Canada,6.40902,,1,52.278133,,1981,,3.503,0.32966557,1.0
,,Canada,6.49725,,1,46.785583,,1982,,-3.187,0.32932413,1.0
,,Canada,6.85547,,1,46.889736,,1983,,2.601,0.55502685,0.0
,,Canada,6.61841,,1,52.675434,,1984,,5.908,0.33520237,1.0
,,Canada,6.18943,,1,53.049038,,1985,,4.737,0.33176625,1.0
,,Canada,6.02059,,1,53.28573,,1986,,2.145,0.31680998,1.0
,,Canada,6.29828,,1,51.080734,,1987,,4.073,0.31655663,1.0
,,Canada,6.15023,,1,51.570866,,1988,,4.41,0.31201127,1.0
,,Canada,6.07407,,1,50.257687,,1989,,2.317,0.3101912,1.0
,,Canada,5.96922,,1,50.17511,,1990,,0.165,0.3137178,1.0
,,Canada,6.85952,,1,49.40086,,1991,,-2.086,0.31950226,1.0
,,Canada,6.74663,,1,52.916054,,1992,,0.9,0.31567687,1.0
,,Canada,7.67835,,1,58.44082,,1993,,2.661,0.31682763,1.0
,,Canada,6.6583,,1,64.59259,,1994,,4.494,0.31308895,1.0
,,Canada,6.30477,,1,69.28236,,1995,,2.694,0.31513026,1.0
,,Canada,4.026806,,1,70.490524,,1996,,1.619,0.32768053,1.0
,,Canada,4.6287838,,1,74.33661,,1997,,4.28,0.33116943,1.0
,,Canada,5.49377,,1,78.081184,,1998,,3.896,0.33217245,1.0
,,Canada,5.5308,,1,80.11503,,1999,,5.163,0.33060935,1.0
,,Canada,5.42332,,1,82.76536,,2000,,5.178,0.33418295,1.0
,,Canada,4.95303,,1,78.344215,,2001,,1.79,0.33554783,1.0
,,Canada,4.99308,,1,75.70703,,2002,,3.018,0.3356031,1.0
,,Canada,4.115924,,1,69.840096,,2003,,1.802,0.33809465,1.0
,,Canada,4.09196434,,1,70.19242,,2004,,3.087,0.33776483,1.0
,,Canada,4.76588,,1,69.75913,,2005,,3.204,0.33621806,1.0
,,Canada,5.04393962,,1,68.05216,,2006,,2.634,0.3409054,1.0
,,Canada,4.76641,,1,66.28342,,2007,,2.072,0.33841008,1.0
,,Canada,4.62612,,1,67.023605,,2008,,1.004,0.33930567,1.0
,,Canada,4.84058,,1,58.474392,,2009,,-2.926,0.33952153,1.0
,,Canada,5.35637,,1,60.208122,,2010,,3.09,0.33592603,1.0
,,Canada,5.26205,,1,62.498737,,2011,,3.146,0.32657078,1.0
,,Canada,4.6925874,,1,62.59555,,2012,,1.761,0.33539012,1.0
,,Canada,4.58901,,1,62.231075,,2013,,2.329,0.3379898,1.0
,,Canada,4.84359,,1,64.37866,,2014,,2.87,0.33157605,1.0
,,Canada,4.73938,,1,66.1649,,2015,,0.659,0.33746484,1.0
,,Canada,4.81642,,1,65.363686,,2016,,1.001,0.32701823,1.0
,,Canada,4.95997,,1,65.10106,,2017,,3.04,0.33308205,1.0
,,Canada,4.88898,,1,66.447716,,2018,,2.777,0.3250927,1.0
,,Canada,4.77293,,1,65.41236,,2019,,1.888,0.31749648,1.0
,,Canada,4.88795,,1,60.78253,,2020,,-5.074,0.433427396,1.0
,,Canada,4.594006,,1,61.37328,,2021,,5.012,0.443535444,1.0
,,Canada,4.1395717,3.438,1,36.7677838,,2022,,3.438,0.44596412399999996,1.0
,,Canada,4.340723668839104,1.292,1,58.83990808646616,,2023,,2.943876376988984,0.4771421039529412,1.0
,,Canada,4.340723668839104,1.608,1,58.83990808646616,,2024,,2.943876376988984,0.4771421039529412,1.0
,,Canada,4.340723668839104,2.378,1,58.83990808646616,,2025,,2.943876376988984,0.4771421039529412,1.0
,,Canada,4.340723668839104,1.782,1,58.83990808646616,,2026,,2.943876376988984,0.4771421039529412,1.0
,,Canada,4.340723668839104,1.671,1,58.83990808646616,,2027,,2.943876376988984,0.4771421039529412,1.0
,,Canada,4.340723668839104,1.662,1,58.83990808646616,,2028,,2.943876376988984,0.4771421039529412,1.0
,,Chile,4.22,,0,48.12003,,1980,,7.945,0.506989818,0.0
,,Chile,4.9143,,0,41.759415,,1981,,6.212,0.5136186680000001,0.0
,,Chile,4.627742,,0,39.86521,,1982,,-13.588,0.455827356,0.0
,,Chile,5.231094000000001,,0,44.820034,,1983,,-2.802,0.42963133400000003,0.0
,,Chile,3.9164796,,0,47.261803,,1984,,5.886,0.4550273880000001,0.0
,,Chile,5.1542316,,0,50.583824,,1985,,1.968,0.4776976680000001,0.0
,,Chile,4.6846318,,0,52.05371,,1986,,5.596,0.43637419800000005,0.0
,,Chile,2.82329,,0,54.193035,,1987,,6.581,0.5621016,0.0
,,Chile,3.7515100000000006,,0,58.45454,,1988,,7.288,0.45671033000000005,0.0
,,Chile,3.290464,,0,62.972923,,1989,,10.605,0.483499886,0.0
,,Chile,2.25016,,0,61.74569,,1990,,3.671,0.572491,0.0
,,Chile,2.8995668799999996,,0,58.094296,,1991,,7.804,0.46430887400000004,0.0
,,Chile,3.184518,,0,56.25405,,1992,,11.167,0.5481449,0.0
,,Chile,2.38372,,0,53.609066,,1993,,6.589,0.514278958,0.0
,,Chile,2.51182,,0,53.215027,,1994,,5.03,0.56433594,0.0
,,Chile,2.5647,,0,54.96715,,1995,,8.933,0.48499796,0.0
,,Chile,2.77721,,0,53.92075,,1996,,4.985,0.5487368,0.0
,,Chile,2.98517,,0,54.099297,,1997,,7.392,0.48026855,0.0
,,Chile,3.32313,,0,53.836178,,1998,,4.181,0.55522066,0.0
,,Chile,3.70839,,0,54.69561,,1999,,-0.274,0.476121852,0.0
,,Chile,3.75707,,0,58.71192,,2000,,4.972,0.5277201,0.0
,,Chile,4.02054434,,0,62.144768,,2001,,3.154,0.434561278,1.0
,,Chile,4.04881,,0,62.483852,,2002,,3.203,0.42678997800000007,1.0
,,Chile,3.91869,,0,65.69342,,2003,,4.723,0.51489866,2.0
,,Chile,3.54307,,0,69.88936,,2004,,6.674,0.499325346,2.0
,,Chile,3.28017,,0,72.06253,,2005,,5.837,0.45598680599999997,2.0
,,Chile,3.04015,,0,73.71163,,2006,,6.05,0.47294816,2.0
,,Chile,3.23316,,0,76.97703,,2007,,5.168,0.502169082,2.0
,,Chile,3.7919,,0,80.67663,,2008,,3.789,0.489569906,2.0
,,Chile,4.25476,,0,66.68603,,2009,,-1.118,0.4699122,1.0
,,Chile,4.18954,,0,69.71768,,2010,,5.852,0.496860528,2.0
,,Chile,4.06173,,0,72.48164,,2011,,6.224,0.4604835,1.0
,,Chile,4.541704,,0,68.15614,,2012,,6.155,0.50202504,2.0
,,Chile,4.54814,,0,65.14329,,2013,,3.309,0.45831105,1.0
,,Chile,4.75168,,0,65.63463,,2014,,1.793,0.361522806,1.0
,,Chile,4.9039,,0,59.34911,,2015,,2.152,0.44371328,1.0
,,Chile,5.36647,,0,56.05786,,2016,,1.753,0.459624242,1.0
,,Chile,5.43279,,0,56.026157,,2017,,1.358,0.4444103,1.0
,,Chile,5.47306,,0,58.17705,,2018,,3.99,0.475725132,1.0
,,Chile,5.61997,,0,57.527973,,2019,,0.743,0.459879316,1.0
,,Chile,5.62514,,0,58.504158,,2020,,-6.145,0.4492094,1.0
,,Chile,3.290464,,0,64.432236,,2021,,11.737,0.483499886,2.0
,,Chile,5.6049936,2.44,0,51.7155896,,2022,,2.44,0.499586252,1.0
,,Chile,4.340723668839104,-0.532,0,58.83990808646616,,2023,,2.943876376988984,0.4771421039529412,1.0
,,Chile,4.340723668839104,1.608,0,58.83990808646616,,2024,,2.943876376988984,0.4771421039529412,1.0
,,Chile,4.340723668839104,2.293,0,58.83990808646616,,2025,,2.943876376988984,0.4771421039529412,1.0
,,Chile,4.340723668839104,2.366,0,58.83990808646616,,2026,,2.943876376988984,0.4771421039529412,1.0
,,Chile,4.340723668839104,2.423,0,58.83990808646616,,2027,,2.943876376988984,0.4771421039529412,1.0
,,Chile,4.340723668839104,2.44,0,58.83990808646616,,2028,,2.943876376988984,0.4771421039529412,1.0
,,Colombia,1.72912,,0,31.814987,,1980,,4.429,0.5111286780000001,0.0
,,Colombia,2.59724,,0,27.269384,,1981,,2.277,0.55174474,0.0
,,Colombia,4.62582424,,0,26.103773,,1982,,0.948,0.4792406680000001,0.0
,,Colombia,6.1565876600000005,,0,23.699821,,1983,,1.574,0.479516544,0.0
,,Colombia,3.00429,,0,24.34875,,1984,,3.351,0.44396262000000003,0.0
,,Colombia,2.71527,,0,26.333101,,1985,,3.107,0.5111516,0.0
,,Colombia,4.2524216,,0,30.830635,,1986,,5.824,0.522306496,0.0
,,Colombia,4.2524216,,0,29.865551,,1987,,5.369,0.5039901880000001,0.0
,,Colombia,4.02532534,,0,30.142801,,1988,,4.064,0.48683625399999997,0.0
,,Colombia,2.70525,,0,31.82162,,1989,,3.414,0.52025913,0.0
,,Colombia,3.883433,,0,34.77781,,1990,,4.282,0.518818854,0.0
,,Colombia,4.478066,,0,33.52992,,1991,,2.372,0.5449600840000001,0.0
,,Colombia,4.275443000000001,,0,33.61159,,1992,,4.353,0.51453674,0.0
,,Colombia,3.9739750000000003,,0,36.17747,,1993,,5.71,0.537195604,0.0
,,Colombia,3.9926516,,0,35.917538,,1994,,5.147,0.52379561,0.0
,,Colombia,4.1080916,,0,35.49723,,1995,,5.202,0.5258736,0.0
,,Colombia,4.11679,,0,36.044106,,1996,,2.056,0.5693691,0.0
,,Colombia,3.3135323400000005,,0,35.59707,,1997,,3.43,0.495781016,0.0
,,Colombia,3.92644,,0,35.908924,,1998,,0.57,0.50199722,0.0
,,Colombia,4.4408,,0,36.14928,,1999,,-4.204,0.587396,0.0
,,Colombia,3.51121,,0,32.667084,,2000,,2.925,0.58682895,0.0
,,Colombia,3.70868,,0,33.90111,,2001,,1.678,0.5748304,0.0
,,Colombia,4.26813,,0,32.98264,,2002,,2.504,0.560189,0.0
,,Colombia,4.32514,,0,36.516182,,2003,,3.918,0.5358648,0.0
,,Colombia,4.07935,,0,35.863426,,2004,,5.333,0.54981047,0.0
,,Colombia,4.02099,,0,37.4227,,2005,,4.447,0.53913337,0.0
,,Colombia,3.91672,,0,39.641357,,2006,,6.717,0.5231319059999999,0.0
,,Colombia,4.08301,,0,37.098896,,2007,,6.738,0.535136652,0.0
,,Colombia,3.93878,,0,39.16765,,2008,,3.283,0.55323243,0.0
,,Colombia,4.77652,,0,35.156128,,2009,,1.14,0.54296416,0.0
,,Colombia,4.83383,,0,34.264603,,2010,,4.495,0.54625475,0.0
,,Colombia,4.46608,,0,39.470425,,2011,,6.948,0.53490293,0.0
,,Colombia,4.37039,,0,38.83515,,2012,,3.913,0.5264548,0.0
,,Colombia,4.87855,,0,37.98665,,2013,,5.134,0.52632636,1.0
,,Colombia,4.62946,,0,37.487465,,2014,,4.499,0.52551013,1.0
,,Colombia,4.47039,,0,38.360764,,2015,,2.956,0.5099042,1.0
,,Colombia,4.47721,,0,36.202652,,2016,,2.087,0.5057068,1.0
,,Colombia,4.53551,,0,35.282913,,2017,,1.359,0.49715486,1.0
,,Colombia,4.4491,,0,36.53475,,2018,,2.565,0.50418705,1.0
,,Colombia,4.51069,,0,37.558533,,2019,,3.187,0.5133497,1.0
,,Colombia,5.2655,,0,33.904232,,2020,,-7.252,0.5353081,1.0
,,Colombia,3.846284,,0,40.851185,,2021,,11.016,0.5149927,1.0
,,Colombia,2.603536,7.257,0,57.05906219999999,,2022,,7.257,0.48600980399999993,2.0
,,Colombia,4.340723668839104,1.442,0,58.83990808646616,,2023,,2.943876376988984,0.4771421039529412,1.0
,,Colombia,4.340723668839104,1.978,0,58.83990808646616,,2024,,2.943876376988984,0.4771421039529412,1.0
,,Colombia,4.340723668839104,2.93,0,58.83990808646616,,2025,,2.943876376988984,0.4771421039529412,1.0
,,Colombia,4.340723668839104,3.345,0,58.83990808646616,,2026,,2.943876376988984,0.4771421039529412,1.0
,,Colombia,4.340723668839104,3.345,0,58.83990808646616,,2027,,2.943876376988984,0.4771421039529412,1.0
,,Colombia,4.340723668839104,3.345,0,58.83990808646616,,2028,,2.943876376988984,0.4771421039529412,1.0
,,Costa Rica,7.34717,,1,63.296906,,1980,,0.752,0.487472496,1.0
,,Costa Rica,4.202231639999999,,1,91.444534,,1981,,-2.26,0.47494763,0.0
,,Costa Rica,4.88507,,1,87.24877,,1982,,-7.285,0.464353428,0.0
,,Costa Rica,4.95778,,1,72.820114,,1983,,2.859,0.47191596,0.0
,,Costa Rica,4.3288228,,1,68.35353,,1984,,8.028,0.503583946,0.0
,,Costa Rica,4.86147172,,1,63.199337,,1985,,0.722,0.41858616600000004,0.0
,,Costa Rica,4.42027,,1,61.836212,,1986,,5.536,0.34424046,1.0
,,Costa Rica,4.935811660000001,,1,67.3988,,1987,,4.765,0.49925029200000004,0.0
,,Costa Rica,4.01323,,1,69.83549,,1988,,3.432,0.412456066,0.0
,,Costa Rica,4.07785,,1,73.58296,,1989,,5.666,0.4557076,0.0
,,Costa Rica,5.0226095399999995,,1,75.285164,,1990,,3.6,0.45301545,2.0
,,Costa Rica,3.6069171999999994,,1,71.439674,,1991,,2.263,0.4664785,0.0
,,Costa Rica,2.8915803999999996,,1,76.09624,,1992,,9.201,0.45712397,2.0
,,Costa Rica,3.5471540000000004,,1,79.35233,,1993,,7.097,0.46003163,2.0
,,Costa Rica,4.1073446,,1,77.99731,,1994,,4.519,0.46752408,2.0
,,Costa Rica,3.35272,,1,79.774376,,1995,,4.154,0.45712686,2.0
,,Costa Rica,3.89072,,1,84.05717,,1996,,1.35,0.46541741,2.0
,,Costa Rica,3.9391852800000002,,1,87.6132,,1997,,5.476,0.45617115,2.0
,,Costa Rica,3.972359,,1,92.038025,,1998,,7.155,0.45667222,2.0
,,Costa Rica,5.39436,,1,87.53861,,1999,,4.215,0.47665334,2.0
,,Costa Rica,4.66695,,1,86.524925,,2000,,3.869,0.47449473,2.0
,,Costa Rica,4.83203,,1,80.85276,,2001,,3.491,0.51515067,2.0
,,Costa Rica,5.15044,,1,80.41395,,2002,,3.417,0.5182363,2.0
,,Costa Rica,5.13374,,1,83.327705,,2003,,4.317,0.493087,2.0
,,Costa Rica,4.89063,,1,85.25648,,2004,,4.425,0.48423937,2.0
,,Costa Rica,3.85751574,,1,89.222664,,2005,,3.977,0.47513703,2.0
,,Costa Rica,4.61614,,1,89.81455,,2006,,7.327,0.49285266,2.0
,,Costa Rica,4.63451,,1,86.4566,,2007,,8.215,0.493143,2.0
,,Costa Rica,4.88697,,1,86.40151,,2008,,4.738,0.4864548,2.0
,,Costa Rica,6.0103,,1,69.759315,,2009,,-0.873,0.5056012,1.0
,,Costa Rica,6.56574,,1,67.51209,,2010,,5.36,0.4804597,1.0
,,Costa Rica,6.37989,,1,68.639145,,2011,,4.403,0.48762167,1.0
,,Costa Rica,6.5824,,1,67.04854,,2012,,4.883,0.4841903,1.0
,,Costa Rica,6.6874,,1,64.066414,,2013,,2.495,0.4915247,1.0
,,Costa Rica,6.67952,,1,65.19124,,2014,,3.542,0.48634195,1.0
,,Costa Rica,6.8735,,1,60.753563,,2015,,3.652,0.4837614,1.0
,,Costa Rica,6.89396,,1,62.17848,,2016,,4.204,0.48706067,1.0
,,Costa Rica,7.06981,,1,65.07195,,2017,,4.158,0.4834654,1.0
,,Costa Rica,6.76992,,1,66.94534,,2018,,2.616,0.47972405,1.0
,,Costa Rica,6.73808,,1,65.76053,,2019,,2.418,0.48191166,1.0
,,Costa Rica,6.62898,,1,60.105072,,2020,,-4.273,0.49248964,1.0
,,Costa Rica,6.28171,,1,70.60613,,2021,,7.781,0.4867917,1.0
,,Costa Rica,4.8207059999999995,4.305,1,56.305262600000006,,2022,,4.305,0.47152537,1.0
,,Costa Rica,4.340723668839104,4.415,1,58.83990808646616,,2023,,2.943876376988984,0.4771421039529412,1.0
,,Costa Rica,4.340723668839104,3.191,1,58.83990808646616,,2024,,2.943876376988984,0.4771421039529412,1.0
,,Costa Rica,4.340723668839104,3.194,1,58.83990808646616,,2025,,2.943876376988984,0.4771421039529412,1.0
,,Costa Rica,4.340723668839104,3.197,1,58.83990808646616,,2026,,2.943876376988984,0.4771421039529412,1.0
,,Costa Rica,4.340723668839104,3.2,1,58.83990808646616,,2027,,2.943876376988984,0.4771421039529412,1.0
,,Costa Rica,4.340723668839104,3.2,1,58.83990808646616,,2028,,2.943876376988984,0.4771421039529412,1.0
,,Dominican Republic,2.92499888,,[0 1],54.414925,,1980,,7.969,0.48499796,0.0
,,Dominican Republic,4.36757072,,[0 1],50.615223,,1981,,4.279,0.44993736999999995,0.0
,,Dominican Republic,1.53891,,[0 1],41.074978,,1982,,1.7,0.490958962,0.0
,,Dominican Republic,1.46383,,[0 1],41.34119,,1983,,4.628,0.5258356299999999,0.0
,,Dominican Republic,1.33455,,[0 1],51.743496,,1984,,1.253,0.484268724,0.0
,,Dominican Republic,1.21019,,[0 1],56.997116,,1985,,-2.123,0.459530498,0.0
,,Dominican Republic,4.088771540000001,,[0 1],49.426083,,1986,,3.522,0.47780797,0.0
,,Dominican Republic,2.9327680000000003,,[0 1],58.056473,,1987,,10.117,0.4992373600000001,0.0
,,Dominican Republic,3.6069171999999994,,[0 1],71.35252,,1988,,2.156,0.46447634200000004,0.0
,,Dominican Republic,4.126773,,[0 1],69.47268,,1989,,4.401,0.50457865,0.0
,,Dominican Republic,4.64119106,,[0 1],69.19841,,1990,,-5.454,0.48281896999999996,0.0
,,Dominican Republic,5.060802239999999,,[0 1],83.09107,,1991,,0.945,0.43944204400000003,1.0
,,Dominican Republic,4.191629999999999,,[0 1],80.4648,,1992,,11.221,0.5135976,2.0
,,Dominican Republic,0.77395,,[0 1],78.0029,,1993,,7.365,0.49621285200000004,0.0
,,Dominican Republic,0.89337,,[0 1],77.157906,,1994,,2.6,0.47238800599999997,0.0
,,Dominican Republic,1.0333,,[0 1],73.89796,,1995,,5.685,0.453654384,0.0
,,Dominican Republic,1.22725,,[0 1],72.642494,,1996,,5.978,0.4743444,0.0
,,Dominican Republic,3.0171383999999994,,[0 1],74.23324,,1997,,8.885,0.4892386,2.0
,,Dominican Republic,3.456143,,[0 1],75.9113,,1998,,6.714,0.512080838,2.0
,,Dominican Republic,4.7188376,,[0 1],76.30275,,1999,,5.94,0.513876302,2.0
,,Dominican Republic,1.88829,,[0 1],79.30039,,2000,,4.662,0.515212,2.0
,,Dominican Republic,1.96783,,[0 1],70.51057,,2001,,2.46,0.49999225,0.0
,,Dominican Republic,1.91401,,[0 1],68.72328,,2002,,4.495,0.49677518,0.0
,,Dominican Republic,1.84465,,[0 1],84.4495,,2003,,-1.346,0.5212729,0.0
,,Dominican Republic,4.355566,,[0 1],81.351425,,2004,,2.57,0.52056205,2.0
,,Dominican Republic,3.290464,,[0 1],61.65356,,2005,,9.428,0.4996821,2.0
,,Dominican Republic,3.645528,,[0 1],63.766483,,2006,,9.174,0.519631,2.0
,,Dominican Republic,2.04679,,[0 1],61.94723,,2007,,7.416,0.48859373,0.0
,,Dominican Republic,3.9831043399999997,,[0 1],61.39205,,2008,,3.21,0.48109168,1.0
,,Dominican Republic,4.27734224,,[0 1],50.61228,,2009,,0.946,0.48875841,1.0
,,Dominican Republic,2.8606648800000003,,[0 1],55.999935,,2010,,8.34,0.473266,0.0
,,Dominican Republic,4.852592339999999,,[0 1],58.989666,,2011,,3.133,0.47706905,1.0
,,Dominican Republic,4.85259234,,[0 1],58.388676,,2012,,2.717,0.46133754,1.0
,,Dominican Republic,3.6281815,,[0 1],56.681755,,2013,,4.875,0.47656393,1.0
,,Dominican Republic,3.6224344,,[0 1],55.49642,,2014,,7.05,0.4428003,1.0
,,Dominican Republic,3.6040027,,[0 1],52.171078,,2015,,6.927,0.45181635,1.0
,,Dominican Republic,3.8504956,,[0 1],51.58597,,2016,,6.659,0.45723918,1.0
,,Dominican Republic,3.9202676,,[0 1],50.225086,,2017,,4.667,0.42195615,1.0
,,Dominican Republic,3.9182107,,[0 1],52.055965,,2018,,6.983,0.4368666,1.0
,,Dominican Republic,4.042769,,[0 1],51.011147,,2019,,5.052,0.41918564,1.0
,,Dominican Republic,4.5176983,,[0 1],44.293655,,2020,,-6.72,0.39631972,1.0
,,Dominican Republic,3.7473135,,[0 1],52.734867,,2021,,12.272,0.38529852,1.0
,,Dominican Republic,3.750989,4.858,[0 1],73.5319838,,2022,,4.858,0.5031482860000001,2.0
,,Dominican Republic,4.340723668839104,2.966,[0 1],58.83990808646616,,2023,,2.943876376988984,0.4771421039529412,1.0
,,Dominican Republic,4.340723668839104,5.237,[0 1],58.83990808646616,,2024,,2.943876376988984,0.4771421039529412,1.0
,,Dominican Republic,4.340723668839104,5.068,[0 1],58.83990808646616,,2025,,2.943876376988984,0.4771421039529412,1.0
,,Dominican Republic,4.340723668839104,5.035,[0 1],58.83990808646616,,2026,,2.943876376988984,0.4771421039529412,1.0
,,Dominican Republic,4.340723668839104,5.013,[0 1],58.83990808646616,,2027,,2.943876376988984,0.4771421039529412,1.0
,,Dominican Republic,4.340723668839104,5.03,[0 1],58.83990808646616,,2028,,2.943876376988984,0.4771421039529412,1.0
,,Ecuador,3.7408955999999995,,0,35.02501,,1980,,4.9,0.5258736,0.0
,,Ecuador,4.00453554,,0,29.915274,,1981,,3.9,0.45575247399999996,0.0
,,Ecuador,4.310246940000001,,0,32.412945,,1982,,1.2,0.508755292,0.0
,,Ecuador,5.226822,,0,30.876017,,1983,,-2.8,0.510003646,0.0
,,Ecuador,4.20342,,0,33.0583,,1984,,4.2,0.514761788,0.0
,,Ecuador,5.23335,,0,35.717308,,1985,,4.4,0.5257931040000001,0.0
,,Ecuador,6.87238,,0,33.110603,,1986,,3.094,0.5003748920000001,0.0
,,Ecuador,4.072101999999999,,0,37.730724,,1987,,-5.972,0.506964262,0.0
,,Ecuador,3.846284,,0,42.6623,,1988,,10.486,0.517381458,0.0
,,Ecuador,4.33751724,,0,45.11298,,1989,,0.285,0.47000268599999995,0.0
,,Ecuador,3.4631583399999997,,0,44.594913,,1990,,3.008,0.47947374,0.0
,,Ecuador,3.6876615999999998,,0,45.19664,,1991,,5.113,0.475937022,0.0
,,Ecuador,4.1022095400000005,,0,44.806545,,1992,,3.614,0.46596693600000005,0.0
,,Ecuador,3.2033036000000004,,0,43.17122,,1993,,2.0,0.502540336,0.0
,,Ecuador,3.1221030000000005,,0,43.77775,,1994,,4.258,0.5336896,0.0
,,Ecuador,1.99764,,0,45.91127,,1995,,2.253,0.52268322,0.0
,,Ecuador,3.1217260000000002,,0,44.215702,,1996,,1.732,0.53647411,0.0
,,Ecuador,3.4399831999999995,,0,45.017185,,1997,,4.328,0.49831414399999996,0.0
,,Ecuador,2.19537,,0,43.395107,,1998,,3.267,0.483007284,0.0
,,Ecuador,1.54734,,0,49.201252,,1999,,-4.739,0.58601993,0.0
,,Ecuador,1.15093,,0,59.4647,,2000,,1.092,0.5637852,0.0
,,Ecuador,4.54364154,,0,50.745056,,2001,,4.016,0.396010764,1.0
,,Ecuador,3.9144292000000007,,0,49.37655,,2002,,4.097,0.43576594599999996,1.0
,,Ecuador,4.404782,,0,47.24163,,2003,,2.723,0.5352869,0.0
,,Ecuador,3.27903326,,0,50.66524,,2004,,8.211,0.53931993,0.0
,,Ecuador,4.5261981,,0,56.09983,,2005,,5.291,0.5305848,0.0
,,Ecuador,4.3428678000000005,,0,59.70978,,2006,,4.404,0.52251405,0.0
,,Ecuador,3.8489494799999995,,0,62.58714,,2007,,2.19,0.5336345,0.0
,,Ecuador,3.9649886000000003,,0,68.056946,,2008,,6.357,0.4979347,2.0
,,Ecuador,4.34242,,0,52.10485,,2009,,0.566,0.4850599,1.0
,,Ecuador,4.50743,,0,60.303238,,2010,,3.525,0.48804435,1.0
,,Ecuador,4.72689,,0,64.49024,,2011,,7.868,0.4587748,1.0
,,Ecuador,4.64307,,0,61.751114,,2012,,5.642,0.46112326,1.0
,,Ecuador,5.00464,,0,59.606155,,2013,,4.947,0.46864903,1.0
,,Ecuador,5.26099,,0,57.708168,,2014,,3.789,0.4499505,1.0
,,Ecuador,4.9987,,0,45.243877,,2015,,0.099,0.45954296,1.0
,,Ecuador,4.362748,,0,38.52134,,2016,,-1.226,0.45020068,1.0
,,Ecuador,4.614258,,0,42.421722,,2017,,2.368,0.4467303,1.0
,,Ecuador,4.621455,,0,46.36213,,2018,,1.289,0.45440298,1.0
,,Ecuador,4.22566,,0,46.07682,,2019,,0.012,0.45711532,1.0
,,Ecuador,4.11402,,0,41.37523,,2020,,-7.788,0.47311273,1.0
,,Ecuador,3.69138,,0,51.38601,,2021,,4.235,0.4580044,1.0
,,Ecuador,3.64704,2.948,0,56.949430400000004,,2022,,2.948,0.45466313,1.0
,,Ecuador,4.340723668839104,1.372,0,58.83990808646616,,2023,,2.943876376988984,0.4771421039529412,1.0
,,Ecuador,4.340723668839104,1.82,0,58.83990808646616,,2024,,2.943876376988984,0.4771421039529412,1.0
,,Ecuador,4.340723668839104,1.989,0,58.83990808646616,,2025,,2.943876376988984,0.4771421039529412,1.0
,,Ecuador,4.340723668839104,2.166,0,58.83990808646616,,2026,,2.943876376988984,0.4771421039529412,1.0
,,Ecuador,4.340723668839104,2.819,0,58.83990808646616,,2027,,2.943876376988984,0.4771421039529412,1.0
,,Ecuador,4.340723668839104,2.795,0,58.83990808646616,,2028,,2.943876376988984,0.4771421039529412,1.0
,,Guatemala,3.90150554,,0,47.105488,,1980,,3.7,0.46515910999999993,0.0
,,Guatemala,3.02898984,,0,40.691257,,1981,,0.644,0.471184704,0.0
,,Guatemala,4.664382,,0,33.47482,,1982,,-3.542,0.53515728,0.0
,,Guatemala,5.8476877,,0,27.546959,,1983,,-2.528,0.463612744,0.0
,,Guatemala,5.1550759600000005,,0,28.153114,,1984,,0.51,0.5368850620000001,0.0
,,Guatemala,5.443963940000001,,0,24.932245,,1985,,-0.6,0.463368964,0.0
,,Guatemala,5.62885174,,0,30.64402,,1986,,0.1,0.58256906,0.0
,,Guatemala,3.7461235400000006,,0,38.142963,,1987,,3.579,0.5173677320000001,0.0
,,Guatemala,3.2575732000000004,,0,38.039913,,1988,,3.892,0.5121240520000001,0.0
,,Guatemala,4.30234754,,0,39.781548,,1989,,3.943,0.59598774,0.0
,,Guatemala,3.5151103400000006,,0,45.869484,,1990,,3.101,0.47448222599999995,0.0
,,Guatemala,3.4366383400000005,,0,39.520256,,1991,,3.0,0.5280484600000002,0.0
,,Guatemala,3.6712546,,0,45.362247,,1992,,4.6,0.49831414399999996,0.0
,,Guatemala,1.66575,,0,43.778927,,1993,,3.4,0.5065254180000001,0.0
,,Guatemala,1.43998,,0,42.37089,,1994,,3.5,0.510934868,0.0
,,Guatemala,1.6048,,0,44.68943,,1995,,4.4,0.49831414399999996,0.0
,,Guatemala,1.5637,,0,40.392952,,1996,,2.8,0.5163450660000001,0.0
,,Guatemala,3.43004954,,0,41.551952,,1997,,4.1,0.49354300800000006,0.0
,,Guatemala,3.6628997999999995,,0,44.42374,,1998,,4.6,0.46596693599999994,0.0
,,Guatemala,3.7621175399999998,,0,46.360508,,1999,,3.7,0.466286396,0.0
,,Guatemala,4.6735476,,0,49.145588,,2000,,2.5,0.5417652,0.0
,,Guatemala,3.77559234,,0,70.66904,,2001,,3.104,0.4404411140000001,1.0
,,Guatemala,4.5754106,,0,67.10481,,2002,,3.839,0.49921025399999996,2.0
,,Guatemala,4.50676362,,0,67.00234,,2003,,2.56,0.414789808,1.0
,,Guatemala,4.09196434,,0,70.214874,,2004,,3.138,0.4404411140000001,1.0
,,Guatemala,4.55585796,,0,67.1037,,2005,,3.276,0.415288872,1.0
,,Guatemala,3.03285,,0,67.91193,,2006,,5.351,0.5457072,2.0
,,Guatemala,3.08809,,0,69.001366,,2007,,6.338,0.505288136,2.0
,,Guatemala,3.23686,,0,65.178734,,2008,,3.294,0.446496052,1.0
,,Guatemala,3.52347624,,0,58.040688,,2009,,0.477,0.480368848,1.0
,,Guatemala,2.84865,,0,63.12519,,2010,,2.884,0.523021206,0.0
,,Guatemala,2.96865,,0,65.04705,,2011,,4.164,0.47509145799999997,0.0
,,Guatemala,3.00525,,0,61.95942,,2012,,2.975,0.500259242,0.0
,,Guatemala,2.88809,,0,56.685223,,2013,,3.695,0.46710227800000004,1.0
,,Guatemala,2.98562,,0,55.08328,,2014,,4.444,0.48278588,0.0
,,Guatemala,3.03033,,0,49.89345,,2015,,4.092,0.47148857799999994,1.0
,,Guatemala,2.94474,,0,46.372738,,2016,,2.678,0.49067385799999996,0.0
,,Guatemala,2.9501,,0,46.06942,,2017,,3.08,0.474482226,1.0
,,Guatemala,3.13194,,0,47.01168,,2018,,3.407,0.45397960400000004,1.0
,,Guatemala,3.19297,,0,45.51785,,2019,,4.018,0.48250885,1.0
,,Guatemala,3.29503,,0,41.158638,,2020,,-1.792,0.46605722600000005,1.0
,,Guatemala,3.10635,,0,49.861553,,2021,,8.002,0.490728108,1.0
,,Guatemala,3.22941,4.118,0,51.7482798,,2022,,4.118,0.43313878,1.0
,,Guatemala,4.340723668839104,3.432,0,58.83990808646616,,2023,,2.943876376988984,0.4771421039529412,1.0
,,Guatemala,4.340723668839104,3.5,0,58.83990808646616,,2024,,2.943876376988984,0.4771421039529412,1.0
,,Guatemala,4.340723668839104,3.6,0,58.83990808646616,,2025,,2.943876376988984,0.4771421039529412,1.0
,,Guatemala,4.340723668839104,3.7,0,58.83990808646616,,2026,,2.943876376988984,0.4771421039529412,1.0
,,Guatemala,4.340723668839104,3.8,0,58.83990808646616,,2027,,2.943876376988984,0.4771421039529412,1.0
,,Guatemala,4.340723668839104,3.9,0,58.83990808646616,,2028,,2.943876376988984,0.4771421039529412,1.0
,,Honduras,1.93636,,2,78.39573,,1980,,0.599,0.474450384,0.0
,,Honduras,3.9908143000000003,,2,72.11479,,1981,,-1.222,0.49019102999999997,0.0
,,Honduras,3.7654702400000004,,2,55.310223,,1982,,-2.075,0.409908832,0.0
,,Honduras,4.9749402400000005,,2,56.66681,,1983,,0.906,0.44815507600000004,0.0
,,Honduras,4.281923000000001,,2,58.237595,,1984,,6.327,0.45546545600000005,0.0
,,Honduras,4.1849513,,2,56.534546,,1985,,5.626,0.47017686999999997,0.0
,,Honduras,3.8806736,,2,54.703117,,1986,,5.331,0.535885948,0.0
,,Honduras,3.796497,,2,48.719566,,1987,,6.638,0.4800276520000001,0.0
,,Honduras,5.526018,,2,55.245308,,1988,,1.746,0.443146062,0.0
,,Honduras,4.384156,,2,63.77734,,1989,,2.728,0.5949015,0.0
,,Honduras,3.77559234,,2,71.00807,,1990,,2.792,0.5735673,0.0
,,Honduras,3.7716943,,2,74.646736,,1991,,-3.319,0.5185067,0.0
,,Honduras,4.7188376000000005,,2,76.25625,,1992,,6.074,0.51828456,2.0
,,Honduras,6.354457,,2,84.352486,,1993,,6.496,0.53467447,2.0
,,Honduras,2.51264,,2,100.317825,,1994,,0.212,0.5501017,2.0
,,Honduras,2.61745,,2,102.44888,,1995,,6.189,0.55485475,2.0
,,Honduras,4.2440342399999995,,2,115.45085,,1996,,1.871,0.55721563,2.0
,,Honduras,3.9053053999999996,,2,118.84836,,1997,,4.598,0.52734,2.0
,,Honduras,4.53506314,,2,122.05047,,1998,,3.59,0.5742543,2.0
,,Honduras,4.63314184,,2,120.12609,,1999,,-0.736,0.5535134,2.0
,,Honduras,4.516953,,2,120.392166,,2000,,7.291,0.539021492,2.0
,,Honduras,4.3448683400000006,,2,115.94307,,2001,,2.723,0.55360717,2.0
,,Honduras,3.83848314,,2,117.99745,,2002,,3.754,0.55730957,2.0
,,Honduras,4.6018854000000005,,2,122.248276,,2003,,4.547,0.5812125,2.0
,,Honduras,4.081123600000001,,2,135.46176,,2004,,6.232,0.5813391,2.0
,,Honduras,4.081123600000001,,2,136.48976,,2005,,6.051,0.5951159,2.0
,,Honduras,4.3664056,,2,133.13184,,2006,,6.567,0.5754278,2.0
,,Honduras,4.3259276,,2,135.07063,,2007,,6.188,0.5582031,2.0
,,Honduras,4.16985414,,2,135.74896,,2008,,4.232,0.55499905,2.0
,,Honduras,4.05139344,,2,96.90501,,2009,,-2.432,0.51283324,2.0
,,Honduras,4.05393754,,2,109.44184,,2010,,3.731,0.5308707,2.0
,,Honduras,4.53506314,,2,122.2169,,2011,,3.836,0.5255979,2.0
,,Honduras,6.299728,,2,121.18822,,2012,,4.129,0.5337071,2.0
,,Honduras,5.87493,,2,116.306046,,2013,,2.792,0.49959752,2.0
,,Honduras,7.09012,,2,112.9751,,2014,,3.058,0.49878585,2.0
,,Honduras,6.41297,,2,107.264404,,2015,,3.84,0.49249893,2.0
,,Honduras,6.3084126,,2,99.81572,,2016,,3.893,0.4981186,2.0
,,Honduras,6.093362,,2,101.81311,,2017,,4.843,0.49445528,2.0
,,Honduras,6.05647,,2,103.55116,,2018,,3.845,0.48937786,2.0
,,Honduras,5.93246,,2,98.02759,,2019,,2.653,0.48168167,1.0
,,Honduras,5.976291,,2,85.619415,,2020,,-8.965,0.465878342,1.0
,,Honduras,5.8105016,,2,100.38068,,2021,,12.534,0.493326524,2.0
,,Honduras,5.359566,4.0,2,51.76205159999999,,2022,,4.0,0.45596372,1.0
,,Honduras,4.340723668839104,2.9,2,58.83990808646616,,2023,,2.943876376988984,0.4771421039529412,1.0
,,Honduras,4.340723668839104,3.2,2,58.83990808646616,,2024,,2.943876376988984,0.4771421039529412,1.0
,,Honduras,4.340723668839104,3.488,2,58.83990808646616,,2025,,2.943876376988984,0.4771421039529412,1.0
,,Honduras,4.340723668839104,3.732,2,58.83990808646616,,2026,,2.943876376988984,0.4771421039529412,1.0
,,Honduras,4.340723668839104,3.844,2,58.83990808646616,,2027,,2.943876376988984,0.4771421039529412,1.0
,,Honduras,4.340723668839104,3.82,2,58.83990808646616,,2028,,2.943876376988984,0.4771421039529412,1.0
,,Jamaica,4.090878,,1,102.10764,,1980,,-4.041,0.47993252200000003,2.0
,,Jamaica,4.5532338,,1,102.9961,,1981,,4.42,0.492975278,2.0
,,Jamaica,4.3414455400000005,,1,86.683365,,1982,,3.08,0.47812987400000007,2.0
,,Jamaica,3.9327712,,1,78.72362,,1983,,4.153,0.46190664000000003,0.0
,,Jamaica,4.23820858,,1,117.18865,,1984,,0.95,0.503236086,2.0
,,Jamaica,5.3919,,1,121.55504,,1985,,-0.9,0.510800082,2.0
,,Jamaica,4.60398,,1,94.72951,,1986,,7.0,0.484927536,2.0
,,Jamaica,4.468509,,1,92.869225,,1987,,7.7,0.47567359800000003,2.0
,,Jamaica,3.94086,,1,91.41747,,1988,,-3.993,0.43155026,0.0
,,Jamaica,5.18398,,1,96.01028,,1989,,4.7,0.473586362,2.0
,,Jamaica,4.77916,,1,99.94017,,1990,,4.875,0.41113734,2.0
,,Jamaica,4.38307,,1,101.598785,,1991,,0.834,0.469837738,2.0
,,Jamaica,3.33666,,1,125.49432,,1992,,2.778,0.500572616,2.0
,,Jamaica,3.21403,,1,82.84213,,1993,,2.211,0.35673422,1.0
,,Jamaica,4.06419,,1,111.406685,,1994,,1.875,0.504898752,2.0
,,Jamaica,3.38908,,1,107.65181,,1995,,2.521,0.497454168,2.0
,,Jamaica,3.67773,,1,97.72424,,1996,,0.236,0.40394902,2.0
,,Jamaica,4.37954,,1,88.98483,,1997,,-1.641,0.450318244,1.0
,,Jamaica,4.601432239999999,,1,84.47498,,1998,,-1.21,0.47234977999999994,2.0
,,Jamaica,5.362883999999999,,1,84.23175,,1999,,0.981,0.44080198,1.0
,,Jamaica,4.98347,,1,89.51301,,2000,,0.776,0.465519322,2.0
,,Jamaica,5.38103,,1,84.827736,,2001,,1.281,0.46515947999999996,1.0
,,Jamaica,5.37523,,1,81.846756,,2002,,0.675,0.48315963,1.0
,,Jamaica,4.25685,,1,88.15063,,2003,,3.667,0.4704947199999999,2.0
,,Jamaica,3.91255,,1,89.31811,,2004,,1.324,0.45457473,2.0
,,Jamaica,4.61642,,1,90.48789,,2005,,0.894,0.465481442,2.0
,,Jamaica,4.69586886,,1,100.7456,,2006,,2.899,0.46597994400000003,2.0
,,Jamaica,5.49022,,1,101.24442,,2007,,1.444,0.488671654,2.0
,,Jamaica,6.19132,,1,113.5774,,2008,,-0.818,0.51206063,2.0
,,Jamaica,6.19848,,1,86.885124,,2009,,-3.411,0.46365787799999997,1.0
,,Jamaica,6.3706,,1,80.9204,,2010,,-1.435,0.503972744,1.0
,,Jamaica,6.26664,,1,83.82182,,2011,,1.426,0.47925678400000005,1.0
,,Jamaica,6.11246,,1,82.04008,,2012,,-0.501,0.46150911400000005,1.0
,,Jamaica,6.25108,,1,83.259575,,2013,,0.224,0.47085878000000003,1.0
,,Jamaica,6.01586,,1,84.740944,,2014,,0.575,0.47085878000000003,1.0
,,Jamaica,5.45521,,1,76.11752,,2015,,0.869,0.41507213800000003,1.0
,,Jamaica,5.31461,,1,76.45516,,2016,,1.498,0.410737636,1.0
,,Jamaica,5.26017,,1,83.52317,,2017,,0.679,0.47085878000000003,1.0
,,Jamaica,5.41381,,1,89.977905,,2018,,1.827,0.465519322,1.0
,,Jamaica,5.16364,,1,90.11061,,2019,,0.97,0.465519322,1.0
,,Jamaica,5.617495,,1,65.859764,,2020,,-9.92,0.47040637400000007,1.0
,,Jamaica,5.63124,,1,73.356575,,2021,,4.601,0.44607981399999996,1.0
,,Jamaica,5.519815,5.222,1,49.7847292,,2022,,5.222,0.46391406800000007,1.0
,,Jamaica,4.340723668839104,2.0,1,58.83990808646616,,2023,,2.943876376988984,0.4771421039529412,1.0
,,Jamaica,4.340723668839104,1.8,1,58.83990808646616,,2024,,2.943876376988984,0.4771421039529412,1.0
,,Jamaica,4.340723668839104,1.7,1,58.83990808646616,,2025,,2.943876376988984,0.4771421039529412,1.0
,,Jamaica,4.340723668839104,1.6,1,58.83990808646616,,2026,,2.943876376988984,0.4771421039529412,1.0
,,Jamaica,4.340723668839104,1.6,1,58.83990808646616,,2027,,2.943876376988984,0.4771421039529412,1.0
,,Jamaica,4.340723668839104,1.6,1,58.83990808646616,,2028,,2.943876376988984,0.4771421039529412,1.0
,,Mexico,4.438242000000001,,1,22.43462,,1980,,9.482,0.49725497800000007,0.0
,,Mexico,4.438242000000001,,1,22.117275,,1981,,9.586,0.49725497800000007,0.0
,,Mexico,5.511006839999999,,1,24.134014,,1982,,-0.05,0.489521796,0.0
,,Mexico,6.040145699999999,,1,27.096102,,1983,,-4.624,0.489111168,0.0
,,Mexico,4.933409,,1,25.672417,,1984,,3.513,0.4852701,0.0
,,Mexico,4.905658,,1,24.331293,,1985,,1.919,0.48974027800000003,0.0
,,Mexico,5.519514,,1,29.606222,,1986,,-3.93,0.510003646,0.0
,,Mexico,4.6823019,,1,31.262321,,1987,,2.063,0.419007814,0.0
,,Mexico,3.50047424,,1,38.790337,,1988,,1.218,0.496449288,0.0
,,Mexico,2.28201,,1,38.32965,,1989,,3.625,0.50631666,0.0
,,Mexico,2.32498,,1,38.519695,,1990,,5.25,0.5153911280000001,0.0
,,Mexico,2.548,,1,35.786533,,1991,,3.976,0.495739906,0.0
,,Mexico,3.00502,,1,35.553497,,1992,,3.569,0.52611816,0.0
,,Mexico,4.233435999999999,,1,27.827911,,1993,,2.867,0.452474578,0.0
,,Mexico,3.64709,,1,30.709972,,1994,,4.394,0.5280892,0.0
,,Mexico,3.69256,,1,46.32102,,1995,,-5.91,0.437267512,0.0
,,Mexico,3.6952224399999998,,1,50.4192,,1996,,6.218,0.5355028,0.0
,,Mexico,3.3131,,1,48.777363,,1997,,7.199,0.506989818,0.0
,,Mexico,3.36529,,1,50.99612,,1998,,6.185,0.51678383,0.0
,,Mexico,3.53536,,1,50.617973,,1999,,2.755,0.466670306,0.0
,,Mexico,3.99244,,1,52.432682,,2000,,5.029,0.5258397,0.0
,,Mexico,4.24104,,1,47.166073,,2001,,-0.451,0.452074848,1.0
,,Mexico,4.45496,,1,46.697914,,2002,,-0.237,0.50088656,0.0
,,Mexico,5.07258,,1,50.20569,,2003,,1.186,0.38127757,1.0
,,Mexico,4.72671,,1,53.486145,,2004,,3.565,0.50030077,1.0
,,Mexico,4.84569,,1,53.938133,,2005,,2.113,0.5012036,1.0
,,Mexico,4.69992,,1,56.092724,,2006,,4.805,0.48936054,1.0
,,Mexico,4.69051,,1,56.79528,,2007,,2.078,0.45556889,1.0
,,Mexico,4.82007,,1,57.77703,,2008,,0.943,0.49883848,1.0
,,Mexico,5.18794,,1,55.96777,,2009,,-6.295,0.44489387,1.0
,,Mexico,5.15922,,1,60.76032,,2010,,4.971,0.4721391,1.0
,,Mexico,5.10565,,1,63.469677,,2011,,3.444,0.41153114999999996,1.0
,,Mexico,5.1031,,1,65.76724,,2012,,3.553,0.48713467,1.0
,,Mexico,4.69605,,1,63.764877,,2013,,0.852,0.373164248,1.0
,,Mexico,5.25747,,1,64.92536,,2014,,2.504,0.4872244,1.0
,,Mexico,5.22942,,1,71.08909,,2015,,2.702,0.408341844,1.0
,,Mexico,4.90682,,1,76.06221,,2016,,1.772,0.47677714,1.0
,,Mexico,4.51822,,1,77.115746,,2017,,1.872,0.38695273,1.0
,,Mexico,4.25422,,1,80.55939,,2018,,1.972,0.46706957,1.0
,,Mexico,3.6326802400000004,,1,77.89735,,2019,,-0.278,0.476391898,1.0
,,Mexico,4.62572,,1,76.90035,,2020,,-8.652,0.4539873,1.0
,,Mexico,5.6972898,,1,83.61527,,2021,,5.838,0.46072940399999995,1.0
,,Mexico,5.0129885199999995,3.898,1,56.93744819999999,,2022,,3.898,0.49143369000000003,1.0
,,Mexico,4.340723668839104,3.177,1,58.83990808646616,,2023,,2.943876376988984,0.4771421039529412,1.0
,,Mexico,4.340723668839104,2.14,1,58.83990808646616,,2024,,2.943876376988984,0.4771421039529412,1.0
,,Mexico,4.340723668839104,1.462,1,58.83990808646616,,2025,,2.943876376988984,0.4771421039529412,1.0
,,Mexico,4.340723668839104,1.783,1,58.83990808646616,,2026,,2.943876376988984,0.4771421039529412,1.0
,,Mexico,4.340723668839104,1.978,1,58.83990808646616,,2027,,2.943876376988984,0.4771421039529412,1.0
,,Mexico,4.340723668839104,2.058,1,58.83990808646616,,2028,,2.943876376988984,0.4771421039529412,1.0
,,Nicaragua,3.26241,,0,67.49716,,1980,,4.612,0.4938128,0.0
,,Nicaragua,4.6534976,,0,64.12516,,1981,,5.361,0.45386406599999995,0.0
,,Nicaragua,3.79268,,0,42.034046,,1982,,-0.817,0.467925682,0.0
,,Nicaragua,3.7238766000000005,,0,49.392925,,1983,,4.615,0.43993501,0.0
,,Nicaragua,5.9789,,0,45.89385,,1984,,-1.566,0.42963133400000003,1.0
,,Nicaragua,3.543352,,0,36.59246,,1985,,-4.084,0.514954376,0.0
,,Nicaragua,4.09996024,,0,33.607914,,1986,,-1.015,0.510493644,0.0
,,Nicaragua,5.35175,,0,25.53105,,1987,,-0.706,0.464419174,0.0
,,Nicaragua,4.8143834,,0,76.25108,,1988,,-12.4,0.508179456,0.0
,,Nicaragua,3.6591622400000006,,0,97.72868,,1989,,-1.694,0.47993252200000003,2.0
,,Nicaragua,3.9908143000000003,,0,71.29082,,1990,,-0.132,0.49019102999999997,0.0
,,Nicaragua,4.2999582400000005,,0,74.32797,,1991,,-0.154,0.48140182600000003,0.0
,,Nicaragua,2.98497,,0,70.517624,,1992,,0.4,0.412967226,0.0
,,Nicaragua,4.65319224,,0,68.285965,,1993,,-0.4,0.49061748,0.0
,,Nicaragua,3.7670775999999995,,0,39.081215,,1994,,5.0,0.5298922420000001,0.0
,,Nicaragua,4.0319276,,0,44.039795,,1995,,5.912,0.47479600999999994,0.0
,,Nicaragua,4.0491738,,0,48.482838,,1996,,6.344,0.461446178,0.0
,,Nicaragua,5.23414884,,0,58.00553,,1997,,3.967,0.465470838,1.0
,,Nicaragua,2.22585,,0,57.013714,,1998,,3.712,0.44997308,0.0
,,Nicaragua,2.92365,,0,62.537643,,1999,,7.036,0.44242963,0.0
,,Nicaragua,3.0016,,0,61.298496,,2000,,4.102,0.48783741599999997,0.0
,,Nicaragua,4.924010340000001,,0,57.980133,,2001,,2.961,0.42998204,1.0
,,Nicaragua,2.39101,,0,58.091286,,2002,,0.754,0.48100804799999997,0.0
,,Nicaragua,2.42201,,0,62.175064,,2003,,2.521,0.500259242,0.0
,,Nicaragua,5.3577356,,0,67.19532,,2004,,5.351,0.5125922980000001,2.0
,,Nicaragua,3.76825716,,0,71.64572,,2005,,4.244,0.40531987,1.0
,,Nicaragua,4.5579715400000005,,0,87.31035,,2006,,3.805,0.4762827740000001,2.0
,,Nicaragua,4.2486296,,0,93.02587,,2007,,5.076,0.46803569199999995,2.0
,,Nicaragua,3.944265540000001,,0,96.79408,,2008,,3.436,0.4909826140000001,2.0
,,Nicaragua,4.12792644,,0,86.993385,,2009,,-3.293,0.43942162,1.0
,,Nicaragua,4.48422,,0,100.363,,2010,,4.41,0.46870221799999995,2.0
,,Nicaragua,4.445902800000001,,0,111.827156,,2011,,6.317,0.5024945840000001,2.0
,,Nicaragua,4.2455496,,0,115.17738,,2012,,6.496,0.532589666,2.0
,,Nicaragua,4.445902800000001,,0,110.984055,,2013,,4.927,0.50898443,2.0
,,Nicaragua,4.08329,,0,106.69805,,2014,,4.785,0.46156293,2.0
,,Nicaragua,4.07842,,0,98.19417,,2015,,4.792,0.465414832,2.0
,,Nicaragua,4.08115,,0,93.81372,,2016,,4.798,0.46803569199999995,2.0
,,Nicaragua,4.35769,,0,96.38094,,2017,,4.396,0.473586362,2.0
,,Nicaragua,4.473796,,0,93.9845,,2018,,-3.363,0.45487542599999997,1.0
,,Nicaragua,4.59992,,0,94.67598,,2019,,-2.897,0.45487542599999997,1.0
,,Nicaragua,4.581561,,0,89.39974,,2020,,-1.766,0.450318244,1.0
,,Nicaragua,4.086657,,0,106.2323,,2021,,10.347,0.49854995,2.0
,,Nicaragua,3.156866,3.751,0,64.5644402,,2022,,3.751,0.478240236,1.0
,,Nicaragua,4.340723668839104,3.024,0,58.83990808646616,,2023,,2.943876376988984,0.4771421039529412,1.0
,,Nicaragua,4.340723668839104,3.292,0,58.83990808646616,,2024,,2.943876376988984,0.4771421039529412,1.0
,,Nicaragua,4.340723668839104,3.465,0,58.83990808646616,,2025,,2.943876376988984,0.4771421039529412,1.0
,,Nicaragua,4.340723668839104,3.5,0,58.83990808646616,,2026,,2.943876376988984,0.4771421039529412,1.0
,,Nicaragua,4.340723668839104,3.5,0,58.83990808646616,,2027,,2.943876376988984,0.4771421039529412,1.0
,,Nicaragua,4.340723668839104,3.5,0,58.83990808646616,,2028,,2.943876376988984,0.4771421039529412,1.0
,,Panama,3.53567,,2,137.50195,,1980,,4.5,0.5181750820000001,2.0
,,Panama,3.4318,,2,133.7229,,1981,,9.207,0.5696401200000001,2.0
,,Panama,3.41851,,2,116.78497,,1982,,5.348,0.5343443819999999,2.0
,,Panama,3.55091,,2,93.13505,,1983,,-4.491,0.45487542599999997,0.0
,,Panama,3.46871,,2,91.87703,,1984,,2.709,0.456256282,2.0
,,Panama,3.52146,,2,94.05957,,1985,,4.942,0.46803569199999995,2.0
,,Panama,3.34574,,2,97.32746,,1986,,3.568,0.473586362,2.0
,,Panama,3.87012,,2,98.590775,,1987,,-1.809,0.47993252200000003,2.0
,,Panama,4.0871212,,2,97.665344,,1988,,-13.38,0.47467636999999996,0.0
,,Panama,3.72596224,,2,109.59775,,1989,,1.562,0.5890771,2.0
,,Panama,4.4204542,,2,121.79356,,1990,,8.099,0.549795992,2.0
,,Panama,4.2126896,,2,140.24655,,1991,,9.418,0.5821962,2.0
,,Panama,4.1996636,,2,144.8792,,1992,,8.203,0.534304026,2.0
,,Panama,4.445902800000001,,2,139.67921,,1993,,5.456,0.516466072,2.0
,,Panama,3.47054,,2,143.60904,,1994,,2.849,0.494621884,2.0
,,Panama,3.94781,,2,146.90538,,1995,,1.752,0.57811224,2.0
,,Panama,4.09432,,2,156.00662,,1996,,7.371,0.506375916,2.0
,,Panama,3.84711,,2,165.34372,,1997,,6.48,0.5823173,2.0
,,Panama,4.1033976,,2,151.26848,,1998,,7.332,0.57480836,2.0
,,Panama,4.56723,,2,126.68632,,1999,,3.878,0.5645578,2.0
,,Panama,4.75969,,2,133.98894,,2000,,2.737,0.56639016,2.0
,,Panama,4.10588,,2,130.09837,,2001,,0.558,0.5674528,2.0
,,Panama,4.19164,,2,121.85187,,2002,,2.247,0.5610198,2.0
,,Panama,4.1687,,2,114.69337,,2003,,4.226,0.55662787,2.0
,,Panama,3.57866,,2,123.652565,,2004,,7.508,0.54780126,2.0
,,Panama,4.1216016,,2,135.69432,,2005,,7.181,0.5381147,2.0
,,Panama,4.148851800000001,,2,137.8957,,2006,,8.541,0.546454,2.0
,,Panama,4.219245,,2,149.57045,,2007,,12.111,0.5268926,2.0
,,Panama,3.50229,,2,166.69815,,2008,,9.856,0.52693385,2.0
,,Panama,3.77035658,,2,138.98036,,2009,,1.243,0.5177117,2.0
,,Panama,4.445902800000001,,2,148.27504,,2010,,5.828,0.5160976,2.0
,,Panama,3.15901,,2,162.48756,,2011,,11.314,0.51348317,2.0
,,Panama,4.101499,,2,158.0588,,2012,,9.779,0.51739955,2.0
,,Panama,4.081123600000001,,2,137.63408,,2013,,6.903,0.51457196,2.0
,,Panama,2.816828,,2,119.09061,,2014,,5.067,0.5046687,2.0
,,Panama,3.0292947,,2,99.9364,,2015,,5.733,0.50806665,2.0
,,Panama,3.0783472,,2,87.40841,,2016,,4.953,0.5040773,2.0
,,Panama,2.9770412,,2,87.42791,,2017,,5.591,0.49888504,2.0
,,Panama,2.911991,,2,89.99052,,2018,,3.685,0.49212474,2.0
,,Panama,3.0932941,,2,84.982376,,2019,,3.282,0.49838337,2.0
,,Panama,3.622201,,2,74.07724,,2020,,-17.668,0.49577938999999993,1.0
,,Panama,3.2691095,,2,92.69809,,2021,,15.836,0.50861204,2.0
,,Panama,3.88724,10.809,2,53.2943526,,2022,,10.809,0.523430444,2.0
,,Panama,4.340723668839104,6.0,2,58.83990808646616,,2023,,2.943876376988984,0.4771421039529412,1.0
,,Panama,4.340723668839104,4.0,2,58.83990808646616,,2024,,2.943876376988984,0.4771421039529412,1.0
,,Panama,4.340723668839104,4.0,2,58.83990808646616,,2025,,2.943876376988984,0.4771421039529412,1.0
,,Panama,4.340723668839104,4.0,2,58.83990808646616,,2026,,2.943876376988984,0.4771421039529412,1.0
,,Panama,4.340723668839104,4.0,2,58.83990808646616,,2027,,2.943876376988984,0.4771421039529412,1.0
,,Panama,4.340723668839104,4.0,2,58.83990808646616,,2028,,2.943876376988984,0.4771421039529412,1.0
,,Paraguay,4.585638,,2,33.89561,,1980,,11.712,0.514659194,0.0
,,Paraguay,4.550484,,2,29.139297,,1981,,9.17,0.49844970600000005,0.0
,,Paraguay,4.3829502399999996,,2,31.89637,,1982,,-1.398,0.49636138799999996,0.0
,,Paraguay,6.054945699999999,,2,25.142208,,1983,,-3.043,0.489111168,0.0
,,Paraguay,2.95666434,,2,41.126255,,1984,,2.817,0.504427794,0.0
,,Paraguay,1.39585,,2,54.208622,,1985,,3.872,0.5045601639999999,0.0
,,Paraguay,4.4144162399999995,,2,67.13555,,1986,,0.263,0.41767943399999996,0.0
,,Paraguay,4.33119674,,2,72.48537,,1987,,4.072,0.455306854,0.0
,,Paraguay,5.549333600000001,,2,85.07697,,1988,,5.881,0.498598914,2.0
,,Paraguay,5.697289800000001,,2,82.95523,,1989,,5.817,0.46618295000000004,2.0
,,Paraguay,1.04071,,2,91.30834,,1990,,4.12,0.40839344,0.0
,,Paraguay,3.85751574,,2,89.13932,,1991,,3.49,0.474020722,2.0
,,Paraguay,4.817977999999999,,2,89.49756,,1992,,1.696,0.465519322,2.0
,,Paraguay,4.2077296,,2,113.60376,,1993,,4.936,0.5070418780000001,2.0
,,Paraguay,4.445902800000001,,2,123.07933,,1994,,5.318,0.537259434,2.0
,,Paraguay,3.9751752000000002,,2,118.06407,,1995,,6.823,0.5815904,2.0
,,Paraguay,4.322553999999999,,2,103.03527,,1996,,1.574,0.4879389900000001,2.0
,,Paraguay,4.376327,,2,95.93427,,1997,,4.243,0.5489243,2.0
,,Paraguay,4.19834,,2,101.60632,,1998,,0.068,0.469837738,2.0
,,Paraguay,4.23088,,2,77.555275,,1999,,-1.366,0.54577464,2.0
,,Paraguay,4.23021,,2,78.64473,,2000,,-2.314,0.4763035979999999,1.0
,,Paraguay,3.83357,,2,72.6057,,2001,,-0.834,0.546293,0.0
,,Paraguay,3.40773,,2,79.44157,,2002,,-0.021,0.5727629,2.0
,,Paraguay,3.38276,,2,81.127365,,2003,,4.321,0.5493835,2.0
,,Paraguay,2.8699,,2,80.10445,,2004,,4.057,0.5226281,2.0
,,Paraguay,3.9812368199999995,,2,85.021965,,2005,,2.133,0.5138179,2.0
,,Paraguay,5.031833600000001,,2,84.73353,,2006,,4.807,0.5299549,2.0
,,Paraguay,2.73951,,2,79.00114,,2007,,5.422,0.5304121,2.0
,,Paraguay,5.6494219999999995,,2,80.77757,,2008,,6.496,0.50704694,2.0
,,Paraguay,3.9908142999999994,,2,70.84198,,2009,,-0.261,0.4914576,1.0
,,Paraguay,2.77072,,2,81.25752,,2010,,11.095,0.5098244,2.0
,,Paraguay,3.69282,,2,78.49213,,2011,,4.286,0.5230993,2.0
,,Paraguay,3.66879,,2,74.76496,,2012,,-0.708,0.47633564,1.0
,,Paraguay,2.678712,,2,73.36987,,2013,,8.293,0.4793603,2.0
,,Paraguay,2.596559,,2,69.083725,,2014,,5.301,0.50702643,2.0
,,Paraguay,3.3337781,,2,66.94014,,2015,,2.957,0.47605908,1.0
,,Paraguay,3.43498,,2,67.78839,,2016,,4.268,0.47899717,1.0
,,Paraguay,3.0906208,,2,71.482216,,2017,,4.81,0.4854749,2.0
,,Paraguay,3.296196,,2,72.52859,,2018,,3.204,0.459551,1.0
,,Paraguay,3.4898303,,2,71.32765,,2019,,-0.402,0.45650637,1.0
,,Paraguay,3.93615,,2,63.09465,,2020,,-0.82,0.43481943,1.0
,,Paraguay,3.4107,,2,70.80108,,2021,,4.017,0.42905566,1.0
,,Paraguay,3.6354012,0.075,2,50.346058400000004,,2022,,0.075,0.45109698,1.0
,,Paraguay,4.340723668839104,4.477,2,58.83990808646616,,2023,,2.943876376988984,0.4771421039529412,1.0
,,Paraguay,4.340723668839104,3.8,2,58.83990808646616,,2024,,2.943876376988984,0.4771421039529412,1.0
,,Paraguay,4.340723668839104,3.8,2,58.83990808646616,,2025,,2.943876376988984,0.4771421039529412,1.0
,,Paraguay,4.340723668839104,3.5,2,58.83990808646616,,2026,,2.943876376988984,0.4771421039529412,1.0
,,Paraguay,4.340723668839104,3.5,2,58.83990808646616,,2027,,2.943876376988984,0.4771421039529412,1.0
,,Paraguay,4.340723668839104,3.5,2,58.83990808646616,,2028,,2.943876376988984,0.4771421039529412,1.0
,,Peru,3.3131,,0,47.6434,,1980,,7.661,0.506989818,0.0
,,Peru,3.6124476000000003,,0,41.28005,,1981,,5.461,0.5260782959999999,0.0
,,Peru,3.32495384,,0,41.070454,,1982,,-0.324,0.496446172,0.0
,,Peru,5.06684166,,0,43.2368,,1983,,-9.329,0.42907794599999993,0.0
,,Peru,4.2075435400000005,,0,39.19006,,1984,,3.801,0.5307033999999999,0.0
,,Peru,3.6259129999999997,,0,44.878708,,1985,,2.089,0.45634982,0.0
,,Peru,4.585638,,0,34.51633,,1986,,12.106,0.514659194,0.0
,,Peru,4.821425800000001,,0,27.350908,,1987,,7.738,0.5216963700000001,0.0
,,Peru,5.2576979999999995,,0,33.22179,,1988,,-9.422,0.52078578,0.0
,,Peru,3.4086079999999996,,0,22.53676,,1989,,-13.422,0.52375124,0.0
,,Peru,5.519514,,0,29.469677,,1990,,-5.09,0.49699410000000005,0.0
,,Peru,4.7356178,,0,26.659254,,1991,,2.219,0.447299832,0.0
,,Peru,5.048215440000001,,0,27.977293,,1992,,-0.541,0.51076755,0.0
,,Peru,4.5767716,,0,28.766586,,1993,,5.244,0.537194254,0.0
,,Peru,4.550484,,0,28.922997,,1994,,12.308,0.44023988,0.0
,,Peru,3.8480478,,0,30.927217,,1995,,7.411,0.536087982,0.0
,,Peru,3.1188,,0,31.654203,,1996,,2.799,0.5356118440000001,0.0
,,Peru,4.508839,,0,33.469547,,1997,,6.476,0.53259367,0.0
,,Peru,3.27818,,0,32.953022,,1998,,-0.392,0.5512152,0.0
,,Peru,3.44134,,0,33.205776,,1999,,1.495,0.54828894,0.0
,,Peru,3.22803,,0,35.538033,,2000,,2.695,0.49073362,0.0
,,Peru,3.03712,,0,35.0644,,2001,,0.617,0.5130633,0.0
,,Peru,2.82057,,0,35.24918,,2002,,5.454,0.53565925,0.0
,,Peru,2.9378,,0,37.62461,,2003,,4.165,0.5308133,0.0
,,Peru,2.95787,,0,41.936077,,2004,,4.959,0.4988085,0.0
,,Peru,2.83903,,0,47.35732,,2005,,6.285,0.50451356,0.0
,,Peru,2.65281,,0,51.785057,,2006,,7.529,0.50332856,0.0
,,Peru,2.6294,,0,55.688114,,2007,,8.518,0.5002204,0.0
,,Peru,2.86775,,0,58.43377,,2008,,9.119,0.4748734,0.0
,,Peru,3.13994,,0,48.11193,,2009,,1.096,0.4700658,0.0
,,Peru,2.8673,,0,51.67281,,2010,,8.334,0.45537925,0.0
,,Peru,2.6635,,0,55.98828,,2011,,6.325,0.4466015,0.0
,,Peru,2.92276,,0,52.619896,,2012,,6.142,0.4444041,1.0
,,Peru,3.29729,,0,49.787144,,2013,,5.852,0.43882897,1.0
,,Peru,3.69599,,0,46.853123,,2014,,2.384,0.43139225,1.0
,,Peru,3.96933,,0,45.16277,,2015,,3.252,0.433564,1.0
,,Peru,3.81317,,0,45.38884,,2016,,3.954,0.43639258,1.0
,,Peru,3.93131,,0,47.51355,,2017,,2.522,0.4329279,1.0
,,Peru,3.71392,,0,48.63147,,2018,,3.97,0.42387646,1.0
,,Peru,3.82243,,0,46.943504,,2019,,2.24,0.41562784,1.0
,,Peru,4.24804,,0,43.530006,,2020,,-10.953,0.43794137,1.0
,,Peru,3.9735,,0,55.5036,,2021,,13.35,0.40249866,1.0
,,Peru,3.8941,2.683,0,56.542345,,2022,,2.683,0.5087366099999999,1.0
,,Peru,4.340723668839104,1.13,0,58.83990808646616,,2023,,2.943876376988984,0.4771421039529412,1.0
,,Peru,4.340723668839104,2.744,0,58.83990808646616,,2024,,2.943876376988984,0.4771421039529412,1.0
,,Peru,4.340723668839104,3.1,0,58.83990808646616,,2025,,2.943876376988984,0.4771421039529412,1.0
,,Peru,4.340723668839104,3.0,0,58.83990808646616,,2026,,2.943876376988984,0.4771421039529412,1.0
,,Peru,4.340723668839104,3.0,0,58.83990808646616,,2027,,2.943876376988984,0.4771421039529412,1.0
,,Peru,4.340723668839104,3.0,0,58.83990808646616,,2028,,2.943876376988984,0.4771421039529412,1.0
,,United States,4.9519053,,1,20.109844,,1980,,-0.257,0.347184,0.0
,,United States,4.50805554,,1,19.425913,,1981,,2.538,0.3548923,0.0
,,United States,2.97158624,,1,17.536812,,1982,,-1.803,0.36662114,0.0
,,United States,4.2555718,,1,16.665594,,1983,,4.584,0.37293357,0.0
,,United States,3.8940496,,1,17.522408,,1984,,7.236,0.3734555,0.0
,,United States,4.209539340000001,,1,16.603907,,1985,,4.17,0.376419,0.0
,,United States,4.18874954,,1,16.897978,,1986,,3.462,0.37557536,0.0
,,United States,4.05393754,,1,17.973581,,1987,,3.46,0.37197286,0.0
,,United States,4.16985414,,1,19.0701,,1988,,4.177,0.37705934,0.0
,,United States,4.37511754,,1,19.415129,,1989,,3.672,0.3823879,0.0
,,United States,4.09543224,,1,19.81505,,1990,,1.886,0.3826289,0.0
,,United States,4.9519053,,1,19.786448,,1991,,-0.108,0.38045916,1.0
,,United States,4.37511754,,1,19.950594,,1992,,3.522,0.38373882,0.0
,,United States,5.5,,1,20.044619,,1993,,2.752,0.40364543,1.0
,,United States,4.025315340000001,,1,21.05546,,1994,,4.029,0.39986804,0.0
,,United States,5.20116258,,1,22.453382,,1995,,2.684,0.39854994,1.0
,,United States,4.14346954,,1,22.687073,,1996,,3.772,0.40309733,0.0
,,United States,4.423449,,1,23.428322,,1997,,4.447,0.40525717,0.0
,,United States,4.1317258,,1,22.825891,,1998,,4.481,0.3995361,0.0
,,United States,4.6653756,,1,23.313564,,1999,,4.795,0.3998582,1.0
,,United States,6.0856495,,1,25.102995,,2000,,4.077,0.40140685,1.0
,,United States,6.298923,,1,22.967182,,2001,,0.954,0.4059678,1.0
,,United States,6.3599553,,1,22.286375,,2002,,1.696,0.40354446,1.0
,,United States,6.3286076,,1,22.627314,,2003,,2.796,0.4077259,1.0
,,United States,6.2537637,,1,24.448063,,2004,,3.852,0.40253353,1.0
,,United States,6.1709833,,1,25.638554,,2005,,3.483,0.4096537,1.0
,,United States,6.164029,,1,26.975279,,2006,,2.783,0.41398576,1.0
,,United States,6.2433186,,1,28.012018,,2007,,2.011,0.4079857,1.0
,,United States,6.436086,,1,29.867796,,2008,,0.122,0.4081219,1.0
,,United States,6.7386985,,1,24.759531,,2009,,-2.6,0.40610814,1.0
,,United States,6.694554,,1,28.219894,,2010,,2.709,0.40010712,1.0
,,United States,6.4976835,,1,30.842485,,2011,,1.55,0.40937114,1.0
,,United States,6.253886,,1,30.681835,,2012,,2.281,0.4093686,1.0
,,United States,6.229258,,1,30.002367,,2013,,1.842,0.40652013,1.0
,,United States,6.1292057,,1,29.998,,2014,,2.288,0.41511607,1.0
,,United States,4.94678,,1,27.812233,,2015,,2.707,0.4123878,1.0
,,United States,4.80666,,1,26.587,,2016,,1.668,0.41121885,1.0
,,United States,5.12288,,1,27.279161,,2017,,2.242,0.4118056,1.0
,,United States,4.92889,,1,27.61038,,2018,,2.945,0.41407844,1.0
,,United States,4.98728,,1,26.45195,,2019,,2.295,0.41535568,1.0
,,United States,5.43544,,1,23.383762,,2020,,-2.768,0.3968309,1.0
,,United States,4.9400895,,1,25.4814,,2021,,5.947,0.39751095,1.0
,,United States,5.00462772,2.062,1,45.3175558,,2022,,2.062,0.4555643,1.0
,,United States,4.340723668839104,2.085,1,58.83990808646616,,2023,,2.943876376988984,0.4771421039529412,1.0
,,United States,4.340723668839104,1.475,1,58.83990808646616,,2024,,2.943876376988984,0.4771421039529412,1.0
,,United States,4.340723668839104,1.818,1,58.83990808646616,,2025,,2.943876376988984,0.4771421039529412,1.0
,,United States,4.340723668839104,2.064,1,58.83990808646616,,2026,,2.943876376988984,0.4771421039529412,1.0
,,United States,4.340723668839104,2.12,1,58.83990808646616,,2027,,2.943876376988984,0.4771421039529412,1.0
,,United States,4.340723668839104,2.122,1,58.83990808646616,,2028,,2.943876376988984,0.4771421039529412,1.0
,,Uruguay,2.15951,,0,35.6644,,1980,,5.999,0.53499897,0.0
,,Uruguay,4.07123,,0,34.23546,,1981,,1.899,0.544685472,0.0
,,Uruguay,5.345086,,0,31.61666,,1982,,-9.391,0.5364062740000001,0.0
,,Uruguay,4.627948,,0,49.29274,,1983,,-5.853,0.41457244600000004,0.0
,,Uruguay,2.37339,,0,47.956074,,1984,,-1.458,0.45520741200000003,0.0
,,Uruguay,2.56679,,0,47.85657,,1985,,0.298,0.443175348,0.0
,,Uruguay,3.10283,,0,46.48374,,1986,,7.5,0.441624134,0.0
,,Uruguay,3.8275098,,0,40.854645,,1987,,5.91,0.526078296,0.0
,,Uruguay,2.7244318400000003,,0,39.79381,,1988,,0.496,0.48223291800000007,0.0
,,Uruguay,3.0289898400000004,,0,41.19356,,1989,,1.104,0.49733866200000004,0.0
,,Uruguay,3.37525584,,0,41.62847,,1990,,0.297,0.477708278,0.0
,,Uruguay,2.47908,,0,38.554905,,1991,,3.539,0.51186124,0.0
,,Uruguay,2.41153,,0,40.073044,,1992,,7.932,0.5208394860000001,0.0
,,Uruguay,3.685878,,0,38.684967,,1993,,2.658,0.507493224,0.0
,,Uruguay,2.27172,,0,40.148834,,1994,,7.281,0.5240036060000001,0.0
,,Uruguay,2.5214,,0,38.097675,,1995,,-1.448,0.499782364,0.0
,,Uruguay,2.86987,,0,39.528435,,1996,,5.578,0.531607556,0.0
,,Uruguay,4.1688136,,0,37.706398,,1997,,5.496,0.53019002,0.0
,,Uruguay,2.24337,,0,35.640015,,1998,,4.519,0.514769374,0.0
,,Uruguay,4.46808424,,0,33.386448,,1999,,-1.939,0.5173496679999999,0.0
,,Uruguay,2.42255,,0,36.713737,,2000,,-1.93,0.510594432,0.0
,,Uruguay,2.80096,,0,36.309513,,2001,,-3.844,0.518135796,0.0
,,Uruguay,2.3222,,0,40.029068,,2002,,-7.732,0.45926617399999997,0.0
,,Uruguay,2.06821,,0,51.7592,,2003,,0.805,0.455268772,0.0
,,Uruguay,2.49954,,0,61.47669,,2004,,5.004,0.465752882,0.0
,,Uruguay,2.71475,,0,58.877697,,2005,,7.46,0.464475914,0.0
,,Uruguay,2.85664,,0,61.971573,,2006,,4.099,0.4594159,0.0
,,Uruguay,4.431099000000001,,0,59.21045,,2007,,6.542,0.46405134,1.0
,,Uruguay,5.690403999999999,,0,65.20809,,2008,,7.176,0.4508178,1.0
,,Uruguay,4.5656492,,0,53.39442,,2009,,4.243,0.45541683,1.0
,,Uruguay,3.3785638,,0,51.699036,,2010,,7.803,0.44475016,1.0
,,Uruguay,4.14937,,0,53.247032,,2011,,5.162,0.42175317,1.0
,,Uruguay,4.0935335,,0,55.061153,,2012,,3.538,0.3990057,1.0
,,Uruguay,4.23892,,0,49.717846,,2013,,4.638,0.4045091,1.0
,,Uruguay,4.26735,,0,49.087624,,2014,,3.239,0.40111083,1.0
,,Uruguay,4.20637,,0,45.32824,,2015,,0.371,0.4012877,1.0
,,Uruguay,4.3642,,0,48.573185,,2016,,1.69,0.396955,1.0
,,Uruguay,4.41787,,0,46.804707,,2017,,1.74,0.3946453,1.0
,,Uruguay,4.6136,,0,47.82535,,2018,,0.156,0.3968724,1.0
,,Uruguay,4.6413,,0,49.607044,,2019,,0.744,0.39676544,1.0
,,Uruguay,4.54307,,0,45.823387,,2020,,-6.263,0.40156105,1.0
,,Uruguay,4.41334,,0,56.805923,,2021,,5.277,0.40777358,1.0
,,Uruguay,4.369734,4.922,0,69.851721,,2022,,4.922,0.48902668799999993,2.0
,,Uruguay,4.340723668839104,0.999,0,58.83990808646616,,2023,,2.943876376988984,0.4771421039529412,1.0
,,Uruguay,4.340723668839104,3.25,0,58.83990808646616,,2024,,2.943876376988984,0.4771421039529412,1.0
,,Uruguay,4.340723668839104,2.9,0,58.83990808646616,,2025,,2.943876376988984,0.4771421039529412,1.0
,,Uruguay,4.340723668839104,2.6,0,58.83990808646616,,2026,,2.943876376988984,0.4771421039529412,1.0
,,Uruguay,4.340723668839104,2.4,0,58.83990808646616,,2027,,2.943876376988984,0.4771421039529412,1.0
,,Uruguay,4.340723668839104,2.2,0,58.83990808646616,,2028,,2.943876376988984,0.4771421039529412,1.0
50.10646,89.483215,Belgium,6.42534,,,165.32584,25.195316,2017,Europe,1.62,0.27387968,
51.246574,90.039635,Belgium,6.38107,,,166.49478,26.038218,2018,Europe,1.793,0.27214414,
52.628468,93.1407,Belgium,6.33397,,,164.17691,27.698778,2019,Europe,2.262,0.27219802,
53.04003,91.95496,Belgium,6.81233,,,157.18073,28.693867,2020,Europe,-5.363,0.2595833,
39.7140994,70.71367000000001,Belgium,6.2342334,,,172.67445,20.126681,2021,Europe,6.286,0.284036702,
44.7860948,84.2008666,Belgium,5.00533252,,,82.8281542,22.367730720000004,2022,Europe,3.248,0.305781004,
49.616215,90.45228,Finland,6.36311,,,75.05314,28.033659,2017,Europe,3.192,0.27383086,
50.38814,91.76503,Finland,6.27558,,,78.19217,28.374876,2018,Europe,1.14,0.27329773,
51.2622,92.979256,Finland,6.41695,,,79.60543,28.35132,2019,Europe,1.224,0.27737328,
51.20899,92.3879,Finland,6.63494,,,71.63412,29.307734,2020,Europe,-2.355,0.2709117,
38.295662,71.51696580000001,Finland,5.6938086,,,78.60459,19.5951878,2021,Europe,3.17,0.303653714,
48.008721,90.3443852,Finland,5.522590000000001,,,103.8008432,22.9870652,2022,Europe,1.605,0.308221316,
49.441666,94.99687,France,5.4516,,,62.961845,24.629,2017,Europe,2.46,0.31632066,
49.589756,96.16871,France,5.40717,,,64.43795,24.751944,2018,Europe,1.818,0.32380688,
48.568478,90.88675,France,5.35443,,,64.14147,23.135792,2019,Europe,1.889,0.31199586,
50.13696,92.65076,France,5.67784,,,56.863823,24.153225,2020,Europe,-7.682,0.3066147,
45.7614358,90.5247832,France,5.245027,,,60.83967,20.8608364,2021,Europe,6.37,0.332725828,
50.6942684,94.561918,France,5.3085588,,,93.4520412,25.728431,2022,Europe,2.522,0.298571776,
53.216515,103.33299,Germany,4.87183,,,87.237206,25.144926,2017,Europe,2.68,0.31851348,
54.922703,108.00921,Germany,4.97933,,,88.519875,27.117777,2018,Europe,0.984,0.3179069,
55.684288,108.90711,Germany,5.11677,,,87.68641,26.75887,2019,Europe,1.071,0.31719428,
45.6269976,85.48208919999999,Germany,5.58759,,,80.39831,23.68050368,2020,Europe,-3.829,0.29748417,
39.102333,76.6443452,Germany,4.530964,,,88.742775,18.32707822,2021,Europe,3.169,0.317897062,
48.008721,90.3443852,Germany,5.522589999999999,,,103.8008432,22.9870652,2022,Europe,1.804,0.3082213159999999,
21.579445,39.611034,Hungary,4.61487,,,165.22852,10.446882,2017,Europe,4.272,0.30584124,
23.00955,41.293766,Hungary,4.62344,,,163.26155,11.254211,2018,Europe,5.362,0.29612043,
24.764103,43.843765,Hungary,4.22488,,,160.78258,13.261575,2019,Europe,4.864,0.29950473,
26.530985,49.58783,Hungary,4.15521,,,155.52838,13.266785,2020,Europe,-4.536,0.29713073,
34.4176052,61.474496,Hungary,5.001584,,,162.79185,17.571352400000002,2021,Europe,7.2,0.28950882,
19.9217978,38.13249939999999,Hungary,4.332032,,,122.896818,9.65927112,2022,Europe,4.578,0.311749702,
40.532337,85.143616,Italy,4.04494,,,58.604176,15.814056,2017,Europe,1.668,0.35928002,
40.674942,85.42797,Italy,4.25614,,,60.30355,15.97339,2018,Europe,0.926,0.35222572,
42.622936,87.70242,Italy,4.09527,,,59.87898,17.259033,2019,Europe,0.483,0.34587252,
41.83479,89.134155,Italy,4.44195,,,55.286285,17.427618,2020,Europe,-8.979,0.35244223,
45.7614358,90.5247832,Italy,4.130886,,,62.983124,20.8608364,2021,Europe,6.987,0.3327258279999999,
32.1361724,61.3521854,Italy,4.95394052,,,98.426417,15.84278212,2022,Europe,3.722,0.30972446,
16.996754,33.843075,Poland,4.57465,,,101.28122,8.999455,2017,Europe,5.14,0.30296582,
16.590326,33.370914,Poland,4.60506,,,103.45049,8.660316,2018,Europe,5.945,0.3114105,
17.241077,34.28313,Poland,4.67881,,,102.68871,9.256153,2019,Europe,4.45,0.30239472,
32.2870296,63.6826878,Poland,4.85265,,,100.32421,16.1585142,2020,Europe,-2.02,0.310374444,
24.2321134,48.3629078,Poland,4.9414005,,,112.445595,11.7629712,2021,Europe,6.935,0.318969244,
19.720362,37.32693,Poland,4.270966360000001,,,123.07449,10.286342,2022,Europe,5.134,0.30247924,
15.409707,32.30821,Romania,3.1182,,,87.15616,4.781155,2017,Europe,8.213,0.36016828,
12.660549,23.890923,Romania,3.31918,,,86.47067,6.2815275,2018,Europe,6.03,0.28782865,
19.02761,39.081493,Romania,3.56695,,,84.50306,6.3322906,2019,Europe,3.844,0.348042,
21.184145,43.30677,Romania,3.58926,,,78.05911,6.8837934,2020,Europe,-3.692,0.3457247,
31.1997338,61.5041452,Romania,3.2530518,,,87.35839,13.85975382,2021,Europe,5.874,0.326349338,
20.7181858,38.574954,Romania,4.54333,,,138.64851600000003,10.6436552,2022,Europe,4.743,0.301365388,
